Title,Date
Supergirl: Season 1: Manhunter,3/23/2023
Supergirl: Season 1: Falling,3/23/2023
Supergirl: Season 1: Solitude,3/23/2023
"Supergirl: Season 1: Truth, Justice and The American Way",3/23/2023
Supergirl: Season 1: For the Girl Who Has Everything,3/23/2023
Supergirl: Season 1: Bizarro,3/23/2023
Supergirl: Season 1: Strange Visitor from Another Planet,3/22/2023
Supergirl: Season 1: Childish Things,3/22/2023
Supergirl: Season 1: Blood Bonds,3/22/2023
Little Women: Episode 1,3/22/2023
Supergirl: Season 1: Hostile Takeover,3/21/2023
Supergirl: Season 1: Human for a Day,3/21/2023
Supergirl: Season 1: Red Faced,3/20/2023
Supergirl: Season 1: How Does She Do It?,3/20/2023
Rana Naidu: Game over g*ndu,3/19/2023
Rana Naidu: Maharaj,3/19/2023
Rana Naidu: Tu kya kiya?,3/19/2023
Rana Naidu: Nitya,3/19/2023
"Rana Naidu: Bheje ku light, gote ku tight",3/19/2023
Supergirl: Season 1: Livewire,3/17/2023
Supergirl: Season 1: Fight or Flight,3/17/2023
Supergirl: Season 1: Stronger Together,3/16/2023
"Rana Naidu: Kitna gurda, kitna goo",3/15/2023
Rana Naidu: Baap bete ke rishte,3/15/2023
Vincenzo: Episode 20,3/15/2023
Vincenzo: Episode 19,3/15/2023
Vincenzo: Episode 18,3/15/2023
Vincenzo: Episode 17,3/15/2023
Vincenzo: Episode 16,3/15/2023
Vincenzo: Episode 15,3/14/2023
Vincenzo: Episode 14,3/14/2023
Vincenzo: Episode 13,3/14/2023
Vincenzo: Episode 12,3/14/2023
Vincenzo: Episode 11,3/13/2023
Vincenzo: Episode 10,3/13/2023
Vincenzo: Episode 9,3/13/2023
Vincenzo: Episode 8,3/13/2023
Vincenzo: Episode 7,3/12/2023
Vincenzo: Episode 6,3/12/2023
Vincenzo: Episode 5,3/12/2023
Vincenzo: Episode 4,3/12/2023
Vincenzo: Episode 3,3/12/2023
Rana Naidu: Koi mar gaya kya?,3/12/2023
Rana Naidu: Teen karod,3/12/2023
Rana Naidu: He's back,3/11/2023
Vincenzo: Episode 2,3/11/2023
Vincenzo: Episode 1,3/11/2023
Unlock My Boss: Episode 12,3/11/2023
Unlock My Boss: Episode 11,3/11/2023
Unlock My Boss: Episode 10,3/10/2023
Unlock My Boss: Episode 9,3/10/2023
Unlock My Boss: Episode 8,3/10/2023
Unlock My Boss: Episode 7,3/10/2023
Unlock My Boss: Episode 6,3/9/2023
Kabhi Alvida Naa Kehna,3/8/2023
Unlock My Boss: Episode 5,3/8/2023
Unlock My Boss: Episode 4,3/7/2023
Unlock My Boss: Episode 3,3/7/2023
Unlock My Boss: Episode 2,3/7/2023
Unlock My Boss: Episode 1,3/7/2023
Sleepless in Seattle,3/5/2023
Kal Ho Naa Ho,3/4/2023
Butta Bomma,3/4/2023
Paheli,3/3/2023
We Are Family,3/3/2023
Shaandaar,3/2/2023
Pyar Ke Do Pal,3/1/2023
The Ghost,2/27/2023
Interceptor,2/27/2023
The Protector: Season 2: Episode 3,2/27/2023
Waltair Veerayya,2/26/2023
The Ghost (Hindi),2/25/2023
We Have a Ghost,2/25/2023
Your Place or Mine,2/23/2023
The Woman King,2/23/2023
"Monica, O My Darling",2/22/2023
A Girl and an Astronaut: Episode 1,2/21/2023
The Takeover,2/20/2023
2 Guns,2/19/2023
Tribhanga - Tedhi Medhi Crazy,2/19/2023
Love to Hate You: Bad Girl,2/19/2023
Extraordinary Attorney Woo: Saying and Doing Things Not Asked,2/19/2023
Cirkus,2/18/2023
Extraordinary Attorney Woo: The Blue Night of Jeju II,2/17/2023
Jab We Met,2/16/2023
Extraordinary Attorney Woo: The Blue Night of Jeju I,2/15/2023
Extraordinary Attorney Woo: Yangtze River Dolphin,2/14/2023
"Extraordinary Attorney Woo: Mr. Salt, Ms. Pepper and Attorney Soy Sauce",2/14/2023
Guvva Gorinka,2/13/2023
Extraordinary Attorney Woo: Holding Hands Can Wait,2/12/2023
Extraordinary Attorney Woo: The Pied Piper,2/12/2023
Extraordinary Attorney Woo: A Tale About Sodeok-dong II,2/12/2023
Extraordinary Attorney Woo: A Tale About Sodeok-dong I,2/12/2023
Extraordinary Attorney Woo: If I Were a Whale...,2/12/2023
Dilwale,2/11/2023
Kuch Kuch Hota Hai,2/10/2023
Extraordinary Attorney Woo: Wild Card VS Tactician,2/9/2023
Extraordinary Attorney Woo: The Strife of the Three Brothers,2/8/2023
Extraordinary Attorney Woo: This is Pengsoo,2/8/2023
Thunivu (Hindi),2/8/2023
Thunivu,2/8/2023
Extraordinary Attorney Woo: The Wedding Dress That Slipped Off,2/7/2023
HIT: The First Case,2/7/2023
Kabhi Khushi Kabhie Gham,2/5/2023
Raangi,2/4/2023
Extraordinary Attorney Woo: Extraordinary Attorney Woo,2/4/2023
An Action Hero,2/3/2023
Enola Holmes 2,2/2/2023
Lockwood & Co.: Let Go of Me,2/2/2023
Lockwood & Co.: This Will Be Us,2/1/2023
Live Up To Your Name: Episode 13,1/31/2023
Live Up To Your Name: Episode 12,1/31/2023
Live Up To Your Name: Episode 11,1/31/2023
Live Up To Your Name: Episode 10,1/30/2023
Live Up To Your Name: Episode 9,1/30/2023
Live Up To Your Name: Episode 8,1/30/2023
Live Up To Your Name: Episode 7,1/29/2023
Live Up To Your Name: Episode 6,1/29/2023
Pahuna,1/29/2023
Enola Holmes,1/28/2023
Klaus,1/28/2023
18 Pages,1/27/2023
Live Up To Your Name: Episode 5,1/27/2023
Live Up To Your Name: Episode 4,1/27/2023
Live Up To Your Name: Episode 3,1/27/2023
Live Up To Your Name: Episode 2,1/26/2023
Live Up To Your Name: Episode 1,1/26/2023
Plan A Plan B,1/25/2023
Shahmaran: Unstable Equilibrium,1/24/2023
Shahmaran: Things Rain Says,1/24/2023
Fauda: Season 1: Episode 2,1/24/2023
Fauda: Season 1: Episode 1,1/24/2023
Indoo Ki Jawani,1/23/2023
Pinky Memsaab,1/23/2023
Shahmaran: Throes of the Earth,1/22/2023
Qismat,1/22/2023
New Amsterdam: Season 1: Pilot,1/22/2023
Dhamaka,1/21/2023
Teefa in Trouble,1/21/2023
JUNG_E,1/21/2023
Mission Majnu,1/21/2023
The Sandman: Sleep of the Just,1/20/2023
Shimla Mirchi,1/20/2023
Mister Mummy,1/19/2023
Wedding Season,1/19/2023
Gori Tere Pyaar Mein,1/18/2023
Varalaru Mukkiyam,1/17/2023
Namaste Wahala,1/17/2023
Mousa,1/16/2023
Mubarakan,1/16/2023
Dog Gone,1/15/2023
Koi Aap Sa,1/15/2023
Ragnarok: Season 1: New Boy,1/15/2023
Ragnarok: Season 2: All You Need Is Love,1/15/2023
Leap Year,1/15/2023
Saakini Daakini,1/14/2023
Ragnarok: Season 2: Know Yourself,1/14/2023
"Ragnarok: Season 2: God Is God, Though All Men Death Had Tasted",1/14/2023
Ragnarok: Season 2: Power to the People,1/14/2023
F3: Fun and Frustration,1/14/2023
"Ragnarok: Season 2: What Happened to the Nice, Old Lady?",1/13/2023
Ragnarok: Season 2: Brothers in Arms,1/13/2023
"Ragnarok: Season 1: Yes, We Love This Country",1/12/2023
Ragnarok: Season 1: Atomic Number 48,1/12/2023
Ragnarok: Season 1: Ginnungagap,1/12/2023
Ragnarok: Season 1: Jutulheim,1/12/2023
Ragnarok: Season 1: 541 Meters,1/12/2023
Love Today (Telugu),1/11/2023
Happy New Year,1/6/2023
Ranga Ranga Vaibhavanga,1/5/2023
Pravarakyudu,1/3/2023
Disco Dancer,1/1/2023
Eega,12/31/2022
Mili,12/31/2022
Fida,12/31/2022
Fidaa,12/31/2022
English Babu Desi Mem,12/31/2022
Sri Rama Rajyam,12/30/2022
One 2 Ka 4,12/29/2022
Christmas on Mistletoe Farm,12/29/2022
A Castle For Christmas,12/27/2022
Glass Onion: A Knives Out Mystery,12/25/2022
Jindua,12/24/2022
Tara VS. Bilal,12/24/2022
Persuasion,12/24/2022
Godse,12/24/2022
A Boy Called Christmas,12/21/2022
Amrapali,12/21/2022
Prince,12/20/2022
Mohenjo Daro,12/20/2022
The Noel Diary,12/19/2022
Konda Polam,12/18/2022
Atithi Devo Bhava,12/18/2022
Ek Ladki Ko Dekha Toh Aisa Laga,12/18/2022
Professor,12/18/2022
Love Today,12/18/2022
Our Universe: Chasing Starlight,12/18/2022
Dobaaraa,12/18/2022
Gangaajal,12/17/2022
Codename: Tiranga,12/17/2022
A Christmas Catch,12/15/2022
Falling for Christmas,12/13/2022
Hachi: A Dog's Tale,12/13/2022
The Imitation Game,12/13/2022
Manifest: Season 1: Hard Landing,12/12/2022
Manifest: Season 1: Upgrade,12/12/2022
Manifest: Season 1: Cleared for Approach,12/12/2022
Manifest: Season 1: Vanishing Point,12/12/2022
Manifest: Season 1: Contrails,12/11/2022
Manifest: Season 1: Crosswinds,12/11/2022
Manifest: Season 1: Dead Reckoning,12/10/2022
Manifest: Season 1: Point of No Return,12/10/2022
Urvasivo Rakshasivo,12/10/2022
Manifest: Season 1: S.N.A.F.U.,12/9/2022
Manifest: Season 1: Off Radar,12/9/2022
Manifest: Season 1: Connecting Flights,12/9/2022
Manifest: Season 1: Unclaimed Baggage,12/8/2022
Manifest: Season 1: Turbulence,12/8/2022
Manifest: Season 1: Reentry,12/8/2022
Manifest: Season 1: Pilot,12/8/2022
Aakasam (Telugu),12/7/2022
The Protector: Season 2: Episode 2,12/6/2022
The Protector: Season 2: Episode 1,12/6/2022
The Protector: Season 1: Episode 10,12/6/2022
The Protector: Season 1: Episode 9,12/6/2022
The Protector: Season 1: Episode 8,12/6/2022
The Protector: Season 1: Episode 7,12/5/2022
The Protector: Season 1: Episode 6,12/5/2022
Goodbye,12/4/2022
The Protector: Season 1: Episode 5,12/4/2022
The Protector: Season 1: Episode 4,12/4/2022
The Protector: Season 1: Episode 3,12/3/2022
The Protector: Season 1: Episode 2,12/3/2022
The Protector: Season 1: Episode 1,12/3/2022
Bullet Train,12/3/2022
Troll,12/3/2022
Hello Brother,12/3/2022
GodFather,12/2/2022
Krishna Vrinda Vihari,12/1/2022
Deception - Round D Corner,11/30/2022
Attack on Finland,11/9/2022
Shamwari Untamed: Episode 13,11/8/2022
Shamwari Untamed: Episode 12,11/8/2022
Shamwari Untamed: Episode 11,11/8/2022
Shamwari Untamed: Episode 10,11/8/2022
Shamwari Untamed: Episode 9,11/8/2022
Shamwari Untamed: Episode 8,11/8/2022
Shamwari Untamed: Episode 7,11/7/2022
Shamwari Untamed: Episode 6,11/6/2022
Shamwari Untamed: Episode 5,11/6/2022
Shamwari Untamed: Episode 4,11/6/2022
Shamwari Untamed: Episode 3,11/6/2022
Shamwari Untamed: Episode 2,11/6/2022
Glitch: Episode 1,11/4/2022
Shamwari Untamed: Episode 1,11/1/2022
Jexi,10/31/2022
Absurd Planet: Strangest Things,10/31/2022
Earthstorm: Tornado,10/30/2022
The Hidden Lives of Pets: Intelligence,10/30/2022
"72 Dangerous Animals: Asia: Wrong Place, Wrong Time",10/30/2022
72 Dangerous Animals: Latin America: Deathly Bite,10/29/2022
72 Dangerous Animals: Latin America: Jungle Jeopardy,10/29/2022
Get Smart With Money,10/29/2022
The Future Of: Health,10/29/2022
The Future Of: Life After Death,10/29/2022
Ask the Doctor: Cold and Flu,10/28/2022
Ask the Doctor: Gut,10/28/2022
Ask the Doctor: Exercise,10/28/2022
Ask the Doctor: Sex ,10/28/2022
Ask the Doctor: Alcohol,10/28/2022
Ask the Doctor: Genes,10/28/2022
Ask the Doctor: Pain,10/28/2022
Ask the Doctor: Diet,10/28/2022
Ask the Doctor: Allergies,10/27/2022
Ask the Doctor: Sleep,10/27/2022
Land of the Lost,10/26/2022
Kingdom: Ashin of the North,10/26/2022
Ask the Doctor: Obesity,10/26/2022
Explained: Season 3: Fairy Tales,10/25/2022
Ancient Aliens: Season 4: The Doomsday Prophecies,10/24/2022
How to Change Your Mind: Limited Series: Chapter 4: Mescaline,10/24/2022
How to Change Your Mind: Limited Series: Chapter 3: MDMA,10/24/2022
How to Change Your Mind: Limited Series: Chapter 2: Psilocybin,10/24/2022
How to Change Your Mind: Limited Series: Chapter 1: LSD,10/24/2022
The UnXplained with William Shatner: Evil Places,10/23/2022
The UnXplained with William Shatner: Amazing Animal Abilities,10/23/2022
The UnXplained with William Shatner: Vampires and Werewolves,10/23/2022
The UnXplained with William Shatner: Mysterious Stones,10/23/2022
The UnXplained with William Shatner: Extreme Weather Mysteries,10/23/2022
The UnXplained with William Shatner: Deadly Cults,10/23/2022
The UnXplained with William Shatner: Lost Civilizations,10/23/2022
The UnXplained with William Shatner: Dark Prophecies,10/23/2022
The UnXplained with William Shatner: The Oak Island Curse,10/23/2022
The UnXplained with William Shatner: Incredible Survivors,10/23/2022
Elysium,10/22/2022
The UnXplained with William Shatner: Mysteries of the Mind,10/22/2022
The UnXplained with William Shatner: Life Beyond Death,10/22/2022
The UnXplained with William Shatner: Bizarre Rituals,10/22/2022
The UnXplained with William Shatner: Unnatural Nature,10/22/2022
The School for Good and Evil,10/21/2022
The UnXplained with William Shatner: Strange Creatures,10/20/2022
The UnXplained with William Shatner: Mysterious Structures,10/20/2022
Rush Hour 3,10/17/2022
Moving Art: Season 3: Tahiti,10/16/2022
Mismatched: Season 1: Message Deleted,10/16/2022
"Mismatched: Season 1: Hot Summer, Cold Vibes",10/16/2022
Mismatched: Season 1: When Dimple Met Rishi,10/16/2022
Laal Singh Chaddha,10/15/2022
Island of the Sea Wolves: Spring,10/15/2022
The Blacklist: Season 8: The Fribourg Confidence (no. 140),10/14/2022
The Blacklist: Season 8: Elizabeth Keen (no. 1),10/14/2022
The Blacklist: Season 8: 16 Ounces,10/14/2022
The Blacklist: Season 8: Katarina Rostova (no. 3): Conclusion,10/14/2022
The Blacklist: Season 8: Roanoke (no. 139),10/14/2022
The Blacklist: Season 7: The Kazanjian Brothers,10/13/2022
The Blacklist: Season 7: Roy Cain (No. 150),10/13/2022
The Blacklist: Season 7: Brothers,10/13/2022
The Blacklist: Season 7: Nyle Hatcher (No. 149),10/12/2022
The Blacklist: Season 7: Gordon Kemp (No. 158),10/12/2022
The Blacklist: Season 7: Twamie Ullulaq (No. 126),10/11/2022
The Blacklist: Season 7: Newton Purcell (No. 144),10/11/2022
The Blacklist: Season 7: Cornelius Ruck (No. 155),10/10/2022
The Blacklist: Season 7: Victoria Fenberg (No. 137),10/10/2022
The Blacklist: Season 7: Katarina Rostova (No. 3),10/9/2022
The Blacklist: Season 7: Orion Relocation Services (No. 159),10/9/2022
The Blacklist: Season 7: The Hawaladar (No. 162),10/9/2022
The Blacklist: Season 7: Hannah Hayes (No. 125),10/9/2022
The Blacklist: Season 7: Dr. Lewis Powell (No. 130),10/9/2022
The Blacklist: Season 7: Norman Devane (No. 138),10/9/2022
The Blacklist: Season 7: Kuwait,10/9/2022
The Blacklist: Season 7: Les Fleurs Du Mal (No. 151),10/9/2022
The Blacklist: Season 7: Louis T. Steinhil (No. 27): Conclusion,10/9/2022
The Blacklist: Season 7: Louis T. Steinhil (No. 27),10/9/2022
The Blacklist: Season 6: Robert Diaz (No. 15),10/8/2022
The Blacklist: Season 6: Anna McMahon (No. 60),10/8/2022
The Blacklist: Season 6: Guillermo Rizal (No. 128),10/8/2022
The Blacklist: Season 6: Rassvet,10/8/2022
The Blacklist: Season 6: The Brockton College Killer (No. 92),10/8/2022
The Blacklist: Season 6: The Third Estate (No. 136),10/7/2022
The Blacklist: Season 6: Lady Luck (No. 69),10/7/2022
The Blacklist: Season 6: Olivia Olson (No. 115),10/6/2022
The Blacklist: Season 6: The Osterman Umbrella Company (No. 6),10/6/2022
The Blacklist: Season 6: Robert Vesco (No. 9),10/6/2022
The Blacklist: Season 6: Bastien Moreau (no. 20): Conclusion,10/6/2022
The Blacklist: Season 6: Bastien Moreau (no. 20),10/6/2022
The Blacklist: Season 6: The Cryptobanker (No. 160),10/5/2022
The Blacklist: Season 6: Minister D (No. 99),10/5/2022
The Blacklist: Season 6: Marko Jankowics (No. 58),10/5/2022
The Blacklist: Season 6: General Shiro (No. 116),10/5/2022
The Blacklist: Season 6: The Ethicist (No. 91),10/5/2022
The Blacklist: Season 6: Alter Ego (No. 131),10/4/2022
The Blacklist: Season 6: The Pawnbrokers (No. 146/147),10/4/2022
The Blacklist: Season 6: The Pharmacist (No. 124),10/4/2022
The Blacklist: Season 6: The Corsican (No. 20),10/4/2022
The Blacklist: Season 6: Dr. Hans Koehler (No. 33),10/4/2022
The Blacklist: Season 5: Sutton Ross (No. 17),10/4/2022
The Blacklist: Season 5: Lawrence Dane Devlin (No. 26),10/4/2022
The Blacklist: Season 5: Nicholas T. Moore (No. 110),10/4/2022
The Blacklist: Season 5: Ian Garvey (No. 13): Conclusion,10/3/2022
The Blacklist: Season 5: Zarak Mosadek (No. 23),10/3/2022
The Blacklist: Season 5: Anna-Garcia Duerte (No. 25),10/3/2022
The Blacklist: Season 5: The Capricorn Killer (No. 19),10/3/2022
The Blacklist: Season 5: Pattie Sue Edwards (No. 68),10/2/2022
The Blacklist: Season 5: Raleigh Sinclair III (No. 51),10/2/2022
The Blacklist: Season 5: The Invisible Hand,10/2/2022
The Blacklist: Season 5: The Cook (No. 56),10/2/2022
The Blacklist: Season 5: Abraham Stern (No. 100),10/2/2022
The Blacklist: Season 5: The Informant (No. 118),10/2/2022
The Blacklist: Season 5: Ruin,10/2/2022
The Blacklist: Season 5: Ian Garvey (No. 13),10/2/2022
The Blacklist: Season 5: The Killgannon Corporation (No. 48),10/1/2022
The Blacklist: Season 5: The Travel Agency (No. 90),10/1/2022
Fantastic Fungi,10/1/2022
The Blacklist: Season 5: Ilyas Surkov (No. 54),9/30/2022
The Blacklist: Season 5: The Endling (No. 44),9/30/2022
The Blacklist: Season 5: Miss Rebecca Thrall (No. 76),9/29/2022
The Blacklist: Season 5: Greyson Blaise (No. 37),9/29/2022
The Blacklist: Season 5: Smokey Putnum (No. 30),9/29/2022
The Blacklist: Season 4: Mr. Kaplan (No. 4): Conclusion,9/28/2022
The Blacklist: Season 4: Mr. Kaplan (No. 4),9/28/2022
The Blacklist: Season 4: The Debt Collector (No. 46),9/28/2022
The Blacklist: Season 4: Dr. Bogdan Krilov (No. 29),9/27/2022
The Blacklist: Season 4: Philomena (No. 61),9/27/2022
The Blacklist: Season 4: Requiem,9/27/2022
The Blacklist: Season 4: Dembe Zuma (No. 10),9/27/2022
The Blacklist: Season 4: The Apothecary (No. 59),9/27/2022
The Blacklist: Season 4: The Architect (No. 107),9/27/2022
The Blacklist: Season 4: Isabella Stone (No. 34),9/27/2022
The Blacklist: Season 4: Natalie Luca (No. 184),9/27/2022
The Blacklist: Season 4: The Harem (No. 102),9/26/2022
The Blacklist: Season 4: The Forecaster (No. 163),9/26/2022
The Blacklist: Season 4: Lipet's Seafood Company (No. 111),9/25/2022
The Blacklist: Season 4: Dr. Adrian Shaw (No. 98): Conclusion,9/25/2022
The Blacklist: Season 4: Dr. Adrian Shaw (No. 98),9/25/2022
The Blacklist: Season 4: The Thrushes (No. 53),9/25/2022
The Blacklist: Season 4: The Lindquist Concern (No. 105),9/25/2022
The Blacklist: Season 4: Gaia (No. 81),9/25/2022
The Blacklist: Season 4: Miles McGrath (No. 65),9/25/2022
The Blacklist: Season 4: Mato (No. 66),9/25/2022
The Blacklist: Season 4: Esteban (No. 79),9/25/2022
The Blacklist: Season 3: Alexander Kirk (No. 14): Conclusion,9/25/2022
The Blacklist: Season 3: Alexander Kirk (No. 14),9/24/2022
The Blacklist: Season 3: Susan Hargrave,9/24/2022
The Blacklist: Season 3: The Artax Network,9/24/2022
The Blacklist: Season 3: Cape May,9/24/2022
The Blacklist: Season 3: Mr. Solomon (No. 32): The Conclusion,9/24/2022
The Blacklist: Season 3: Mr. Solomon (No. 32),9/24/2022
The Blacklist: Season 3: The Caretaker (No. 78),9/24/2022
The Blacklist: Season 3: Drexel (No. 113),9/24/2022
The Blacklist: Season 3: Lady Ambrosia (No. 77),9/23/2022
The Blacklist: Season 3: Alistair Pitt (No. 103),9/23/2022
The Blacklist: Season 3: The Vehm (No. 132),9/23/2022
The Blacklist: Season 3: Mr. Gregory Devry (No. 95),9/23/2022
The Blacklist: Season 3: The Director (No. 24): Conclusion,9/23/2022
The Blacklist: Season 3: The Director (No. 24),9/23/2022
The Blacklist: Season 3: Kings Of The Highway (No. 108),9/22/2022
The Blacklist: Season 3: Zal Bin Hasaan (No. 31),9/22/2022
The Blacklist: Season 3: Sir Crispin Crandall (No. 86),9/22/2022
The Blacklist: Season 3: Arioch Cain (No. 50),9/22/2022
The Blacklist: Season 3: The Djinn (No. 43),9/22/2022
The Blacklist: Season 3: Eli Matchett (No. 72),9/21/2022
The Blacklist: Season 3: Marvin Gerard (No. 80),9/21/2022
The Blacklist: Season 3: The Troll Farmer (No. 38),9/21/2022
The Blacklist: Season 2: Tom Connolly (No. 11),9/21/2022
The Blacklist: Season 2: Karakurt (No. 55),9/21/2022
The Blacklist: Season 2: Quon Zhang (No. 87),9/21/2022
The Blacklist: Season 2: Leonard Caul (No. 62),9/20/2022
The Blacklist: Season 2: Vanessa Cruz (No. 117),9/20/2022
The Blacklist: Season 2: The Longevity Initiative (No. 97),9/20/2022
The Blacklist: Season 2: Tom Keen (No. 7),9/19/2022
The Blacklist: Season 2: The Major (No. 75),9/19/2022
The Blacklist: Season 2: T. Earl King VI (No. 94),9/19/2022
The Blacklist: Season 2: The Deer Hunter (No. 93),9/18/2022
The Blacklist: Season 2: The Kenyon Family (No. 71),9/18/2022
The Blacklist: Season 2: Ruslan Denisov (No. 67),9/18/2022
The Blacklist: Season 2: Luther Braxton (No. 21): Conclusion,9/18/2022
The Blacklist: Season 2: Luther Braxton (No. 21),9/18/2022
The Blacklist: Season 2: The Decembrist (No. 12),9/18/2022
The Blacklist: Season 2: The Scimitar (No. 22),9/18/2022
The Blacklist: Season 2: The Mombasa Cartel (No. 114),9/18/2022
The Blacklist: Season 2: The Front (No. 74),9/18/2022
The Blacklist: Season 2: Dr. Linus Creel (No. 82),9/18/2022
The Blacklist: Season 2: Dr. James Covington (No. 89),9/18/2022
The Blacklist: Season 2: Monarch Douglas Bank (No. 112),9/17/2022
The Blacklist: Season 2: Lord Baltimore (No. 104),9/17/2022
The Blacklist: Season 1: Berlin (No. 8): Conclusion,9/17/2022
The Blacklist: Season 1: Berlin (No. 8),9/17/2022
The Blacklist: Season 1: The Kingmaker (No. 42),9/17/2022
The Blacklist: Season 1: The Pavlovich Brothers (No. 119-122),9/17/2022
The Blacklist: Season 1: Milton Bobbit (No. 135),9/17/2022
The Blacklist: Season 1: Ivan (No. 88),9/17/2022
The Blacklist: Season 1: Mako Tanida (No. 83),9/16/2022
The Blacklist: Season 1: The Judge (No. 57),9/16/2022
The Blacklist: Season 1: Madeline Pratt (No. 73),9/16/2022
The Blacklist: Season 1: The Cyprus Agency (No. 64),9/16/2022
The Blacklist: Season 1: The Alchemist (No. 101),9/15/2022
The Blacklist: Season 1: The Good Samaritan (No. 106),9/15/2022
The Blacklist: Season 1: Anslo Garrick (No. 16): Part 2,9/15/2022
The Blacklist: Season 1: Anslo Garrick (No. 16): Part 1,9/15/2022
The Blacklist: Season 1: General Ludd (No. 109),9/15/2022
The Blacklist: Season 1: Frederick Barnes (No. 47),9/15/2022
The Blacklist: Season 1: Gina Zanetakos (No. 152),9/15/2022
The Blacklist: Season 1: The Courier (No. 85),9/14/2022
The Blacklist: Season 1: The Stewmaker (No. 161),9/14/2022
The Blacklist: Season 1: Wujing (No. 84),9/14/2022
The Blacklist: Season 1: The Freelancer (No. 145),9/14/2022
The Blacklist: Season 1: Pilot,9/14/2022
In From the Cold: What Is Burning?,9/14/2022
Workin' Moms: Season 1: Rules,9/13/2022
Workin' Moms: Season 1: Pilot,9/13/2022
Love in the Villa,9/11/2022
Uncharted,9/11/2022
Grey's Anatomy: Season 1: The First Cut Is the Deepest,9/11/2022
Grey's Anatomy: Season 1: A Hard Day's Night,9/11/2022
Stargate SG-1: Children of the Gods,9/11/2022
Familiar Wife: Episode 2,9/11/2022
Familiar Wife: Episode 1,9/11/2022
"Good Witch: Season 2: Something Wicked, Part 1",9/10/2022
Oats Studios: Bad President: Oil Spill / All My Sh*t,9/10/2022
Oats Studios: Zygote,9/10/2022
Oats Studios: God: Serengeti / Chicago,9/10/2022
Oats Studios: Cooking With Bill: Damasu / Prestoveg / Smoothie / Sushi,9/10/2022
Oats Studios: Firebase,9/10/2022
Oats Studios: Rakka,9/10/2022
Clear and Present Danger,9/10/2022
Ancient Aliens: Season 4: The Mayan Conspiracy,9/10/2022
Breaking Bad: Season 1: And the Bag's in the River,9/10/2022
Breaking Bad: Season 1: The Cat's in the Bag,9/10/2022
Breaking Bad: Season 1: Pilot,9/10/2022
"Sister, Sister: Season 1: The Meeting",9/9/2022
Seinfeld: Season 1: Seinfeld,9/9/2022
Gilmore Girls: Season 1: Pilot,9/9/2022
Alone: Season 8: The Hunted,9/9/2022
Sisyphus: Episode 4,9/9/2022
Sisyphus: Episode 3,9/8/2022
Sisyphus: Episode 2,9/8/2022
Sisyphus: Episode 1,9/7/2022
Never Have I Ever: Season 1: ... gotten drunk with the popular kids,9/6/2022
Never Have I Ever: Season 1: ... had sex with Paxton Hall-Yoshida,9/5/2022
Never Have I Ever: Season 1: Pilot,9/5/2022
Stranger Things: Stranger Things 2: Chapter One: MADMAX,9/4/2022
Stranger Things: Chapter Eight: The Upside Down,9/4/2022
Stranger Things: Chapter Seven: The Bathtub,9/4/2022
Stranger Things: Chapter Six: The Monster,9/3/2022
Stranger Things: Chapter Five: The Flea and the Acrobat,9/3/2022
Stranger Things: Chapter Four: The Body,9/3/2022
"Stranger Things: Chapter Three: Holly, Jolly",9/3/2022
Stranger Things: Chapter Two: The Weirdo on Maple Street,9/3/2022
Stranger Things: Chapter One: The Vanishing of Will Byers,9/3/2022
Sexify: Season 1: Episode 1,9/2/2022
NCIS: Season 14: Being Bad,9/2/2022
NCIS: Season 14: Rogue,9/2/2022
NCIS: Season 13: Family First,9/2/2022
NCIS: Season 13: Dead Letter,9/2/2022
NCIS: Season 13: Homefront,9/1/2022
NCIS: Season 13: Return to Sender,9/1/2022
NCIS: Season 13: Charade,9/1/2022
NCIS: Season 13: Reasonable Doubts,8/31/2022
NCIS: Season 13: Scope,8/31/2022
NCIS: Season 13: After Hours,8/31/2022
NCIS: Season 13: Loose Canon,8/31/2022
NCIS: Season 13: React,8/31/2022
NCIS: Season 13: Decompressed,8/31/2022
NCIS: Season 13: Déjà Vu,8/31/2022
NCIS: Season 13: Sister City (Part 1),8/31/2022
NCIS: Season 13: Spinning Wheel,8/30/2022
NCIS: Season 13: Blood Brothers,8/30/2022
NCIS: Season 13: Day in Court,8/30/2022
NCIS: Season 13: Saviora,8/30/2022
NCIS: Season 13: 16 Years,8/30/2022
NCIS: Season 13: Viral,8/30/2022
NCIS: Season 13: Lockdown,8/30/2022
NCIS: Season 13: Double Trouble,8/30/2022
NCIS: Season 13: Incognito,8/30/2022
NCIS: Season 13: Personal Day,8/30/2022
NCIS: Season 13: Stop the Bleeding,8/30/2022
NCIS: Season 12: Neverland,8/30/2022
NCIS: Season 12: The Lost Boys,8/29/2022
NCIS: Season 12: Troll,8/29/2022
NCIS: Season 12: Lost in Translation,8/29/2022
NCIS: Season 12: No Good Deed,8/29/2022
NCIS: Season 12: Patience,8/28/2022
NCIS: Season 12: Status Update,8/28/2022
NCIS: Season 12: The Artful Dodger,8/28/2022
NCIS: Season 12: Blast from the Past,8/28/2022
NCIS: Season 12: Cabin Fever,8/28/2022
NCIS: Season 12: Cadence,8/28/2022
"NCIS: Season 12: We Build, We Fight",8/28/2022
NCIS: Season 12: The Enemy Within,8/28/2022
NCIS: Season 12: Check,8/27/2022
NCIS: Season 12: House Rules,8/27/2022
NCIS: Season 12: Grounded,8/27/2022
NCIS: Season 12: Semper Fortis,8/27/2022
NCIS: Season 12: The Searchers,8/27/2022
NCIS: Season 12: Parental Guidance Suggested,8/27/2022
NCIS: Season 12: The San Dominick,8/27/2022
NCIS: Season 12: Choke Hold,8/27/2022
NCIS: Season 12: So It Goes,8/27/2022
NCIS: Season 12: Kill the Messenger,8/27/2022
NCIS: Season 12: Twenty Klicks,8/27/2022
NCIS: Season 11: Honor Thy Father,8/27/2022
NCIS: Season 11: The Admiral's Daughter,8/26/2022
NCIS: Season 11: Shooter,8/26/2022
NCIS: Season 11: Alleged,8/26/2022
NCIS: Season 11: Page Not Found,8/26/2022
NCIS: Season 11: Crescent City: Part 2,8/26/2022
NCIS: Season 11: Crescent City: Part 1,8/26/2022
NCIS: Season 11: Rock and a Hard Place,8/26/2022
NCIS: Season 11: Dressed to Kill,8/25/2022
NCIS: Season 11: Bulletproof,8/25/2022
NCIS: Season 11: Monsters and Men,8/25/2022
NCIS: Season 11: Double Back,8/25/2022
NCIS: Season 11: Kill Chain,8/25/2022
NCIS: Season 11: Homesick,8/24/2022
NCIS: Season 11: Devil's Triad,8/24/2022
NCIS: Season 11: Gut Check,8/24/2022
NCIS: Season 11: Alibi,8/23/2022
NCIS: Season 11: Better Angels,8/23/2022
NCIS: Season 11: Oil & Water,8/23/2022
NCIS: Season 11: Once a Crook,8/23/2022
CBI 5: The Brain,8/23/2022
NCIS: Season 11: Anonymous Was a Woman,8/22/2022
NCIS: Season 11: Under the Radar,8/22/2022
"NCIS: Season 11: Past, Present and Future",8/22/2022
NCIS: Season 11: Whiskey Tango Foxtrot,8/22/2022
NCIS: Season 10: Damned If You Do,8/21/2022
NCIS: Season 10: Double Blind,8/21/2022
NCIS: Season 10: Revenge,8/21/2022
NCIS: Season 10: Berlin,8/21/2022
NCIS: Season 10: Chasing Ghosts,8/21/2022
NCIS: Season 10: Squall,8/21/2022
NCIS: Season 10: Seek,8/20/2022
NCIS: Season 10: Prime Suspect,8/20/2022
NCIS: Season 10: Detour,8/20/2022
NCIS: Season 10: Hereafter,8/20/2022
NCIS: Season 10: Canary,8/20/2022
NCIS: Season 10: Hit And Run,8/20/2022
NCIS: Season 10: Shiva,8/19/2022
NCIS: Season 10: Shabbat Shalom,8/19/2022
NCIS: Season 10: You Better Watch Out,8/19/2022
NCIS: Season 10: Devil's Trifecta,8/19/2022
NCIS: Season 10: Gone,8/19/2022
Nikamma,8/19/2022
NCIS: Season 10: Shell Shock: Part 2,8/18/2022
NCIS: Season 10: Shell Shock: Part 1,8/18/2022
NCIS: Season 10: The Namesake,8/18/2022
NCIS: Season 10: Lost at Sea,8/18/2022
NCIS: Season 10: Phoenix,8/17/2022
NCIS: Season 10: Recovery,8/17/2022
NCIS: Season 10: Extreme Prejudice,8/17/2022
NCIS: Season 9: Till Death Do Us Part,8/16/2022
NCIS: Season 9: Up in Smoke,8/16/2022
NCIS: Season 9: Playing with Fire,8/16/2022
NCIS: Season 9: Rekindled,8/15/2022
NCIS: Season 9: The Missionary Position,8/15/2022
NCIS: Season 9: The Good Son,8/14/2022
NCIS: Season 9: The Tell,8/14/2022
NCIS: Season 9: Need to Know,8/14/2022
NCIS: Season 9: Psych Out,8/13/2022
NCIS: Season 9: Secrets,8/13/2022
NCIS: Season 9: Life Before His Eyes,8/12/2022
NCIS: Season 9: A Desperate Man,8/12/2022
NCIS: Season 9: Housekeeping,8/12/2022
NCIS: Season 9: Newborn King,8/12/2022
NCIS: Season 9: Sins of the Father,8/12/2022
Darlings,8/11/2022
NCIS: Season 9: Engaged: Part 2,8/11/2022
NCIS: Season 9: Engaged: Part 1,8/11/2022
NCIS: Season 9: Devil's Triangle,8/11/2022
NCIS: Season 9: Thirst,8/11/2022
NCIS: Season 9: Safe Harbor,8/11/2022
NCIS: Season 9: Enemy on the Hill,8/11/2022
NCIS: Season 9: The Penelope Papers,8/10/2022
NCIS: Season 9: Restless,8/10/2022
NCIS: Season 9: Nature of the Beast,8/9/2022
NCIS: Season 8: Pyramid,8/9/2022
NCIS: Season 8: Swan Song,8/9/2022
NCIS: Season 8: Baltimore,8/9/2022
NCIS: Season 8: Dead Reflection,8/8/2022
NCIS: Season 8: Two-Faced,8/8/2022
NCIS: Season 8: Tell-All,8/8/2022
NCIS: Season 8: Out of the Frying Pan,8/8/2022
NCIS: Season 8: One Last Score,8/8/2022
NCIS: Season 8: Kill Screen,8/8/2022
NCIS: Season 8: Defiance,8/7/2022
NCIS: Season 8: A Man Walks into a Bar…,8/7/2022
NCIS: Season 8: Freedom,8/7/2022
NCIS: Season 8: Recruited,8/7/2022
NCIS: Season 8: Ships in the Night,8/7/2022
NCIS: Season 8: False Witness,8/7/2022
Foot Fairy (Hindi),8/7/2022
NCIS: Season 8: Enemies Domestic,8/6/2022
Pakka Commercial,8/6/2022
NCIS: Season 8: Enemies Foreign,8/6/2022
NCIS: Season 8: Broken Arrow,8/6/2022
NCIS: Season 8: Cracked,8/5/2022
NCIS: Season 8: Dead Air,8/5/2022
NCIS: Season 8: Royals and Loyals,8/5/2022
NCIS: Season 8: Short Fuse,8/4/2022
NCIS: Season 8: Worst Nightmare,8/4/2022
NCIS: Season 8: Spider and the Fly,7/28/2022
NCIS: Season 7: Rule Fifty-One,7/27/2022
NCIS: Season 7: Patriot Down,7/27/2022
NCIS: Season 7: Borderland,7/27/2022
NCIS: Season 7: Obsession,7/26/2022
NCIS: Season 7: Moonlighting,7/26/2022
NCIS: Season 7: Guilty Pleasure,7/26/2022
NCIS: Season 7: Jurisdiction,7/25/2022
NCIS: Season 7: Double Identity,7/25/2022
NCIS: Season 7: Mother's Day,7/25/2022
NCIS: Season 7: Jack-Knife,7/25/2022
Indian Predator: The Butcher of Delhi: Limited Series: Tukre,7/25/2022
Indian Predator: The Butcher of Delhi: Limited Series: Tasveer,7/24/2022
NCIS: Season 7: Masquerade,7/24/2022
NCIS: Season 7: Jet Lag,7/24/2022
NCIS: Season 7: Flesh & Blood,7/24/2022
NCIS: Season 7: Ignition,7/24/2022
NCIS: Season 7: Faith,7/24/2022
The Gray Man,7/24/2022
Indian Predator: The Butcher of Delhi: Limited Series: Tohfe,7/23/2022
NCIS: Season 7: Child's Play,7/22/2022
NCIS: Season 7: Power Down,7/22/2022
NCIS: Season 7: Endgame,7/20/2022
NCIS: Season 7: Outlaws and In-Laws,7/20/2022
NCIS: Season 7: Code of Conduct,7/19/2022
"NCIS: Season 7: Good Cop, Bad Cop",7/19/2022
NCIS: Season 7: The Inside Man,7/18/2022
NCIS: Season 7: Reunion,7/18/2022
NCIS: Season 7: Truth or Consequences,7/18/2022
NCIS: Season 6: Aliyah,7/17/2022
NCIS: Season 6: Semper Fidelis,7/17/2022
Vaashi (Malayalam),7/17/2022
NCIS: Season 6: Legend: Part 2,7/17/2022
NCIS: Season 6: Legend: Part 1,7/17/2022
NCIS: Season 6: Toxic,7/17/2022
NCIS: Season 6: Dead Reckoning,7/17/2022
Barefoot,7/17/2022
NCIS: Season 6: Hide and Seek,7/16/2022
NCIS: Season 6: Knockout,7/16/2022
NCIS: Season 6: South by Southwest,7/16/2022
NCIS: Season 6: Bounce,7/16/2022
Fabulous Lives of Bollywood Wives: Season 1: The Shah Rukh-Gauri Big Bash!,7/16/2022
Fabulous Lives of Bollywood Wives: Season 1: There's Something About Neelam,7/16/2022
NCIS: Season 6: Deliverance,7/15/2022
NCIS: Season 6: Love & War,7/15/2022
NCIS: Season 6: Broken Bird,7/15/2022
NCIS: Season 6: Caged,7/14/2022
NCIS: Season 6: Silent Night,7/14/2022
NCIS: Season 6: Road Kill,7/14/2022
Fabulous Lives of Bollywood Wives: Season 1: “Aap Qatar mein hain…”,7/14/2022
Ante Sundaraniki,7/13/2022
NCIS: Season 6: Dagger,7/12/2022
NCIS: Season 6: Cloak,7/10/2022
NCIS: Season 6: Collateral Damage,7/10/2022
NCIS: Season 6: Murder 2.0,7/10/2022
NCIS: Season 6: Nine Lives,7/10/2022
NCIS: Season 6: Heartland,7/10/2022
NCIS: Season 6: Capitol Offense,7/9/2022
NCIS: Season 6: Agent Afloat,7/9/2022
NCIS: Season 6: Last Man Standing,7/7/2022
NCIS: Season 5: Judgment Day: Part 2,7/7/2022
NCIS: Season 5: Judgment Day: Part 1,7/6/2022
NCIS: Season 5: About Face,7/5/2022
NCIS: Season 5: Recoil,7/5/2022
NCIS: Season 5: In the Zone,7/5/2022
NCIS: Season 5: Internal Affairs,7/5/2022
Ala Vaikunthapurramuloo,7/4/2022
The Mist,7/4/2022
Virata Parvam,7/3/2022
Major (Telugu),7/2/2022
NCIS: Season 5: Dog Tags,7/2/2022
NCIS: Season 5: Stakeout,6/29/2022
NCIS: Season 5: Tribes,6/29/2022
Anek,6/29/2022
Fabulous Lives of Bollywood Wives: Season 1: Fasten Your Seat Belts,6/29/2022
NCIS: Season 5: Corporal Punishment,6/28/2022
NCIS: Season 5: Lost & Found,6/28/2022
NCIS: Season 5: Designated Target,6/28/2022
Fabulous Lives of Bollywood Wives: Season 1: Feelings and Fillers,6/27/2022
NCIS: Season 5: Requiem,6/27/2022
NCIS: Season 5: Chimera,6/26/2022
NCIS: Season 5: Leap of Faith,6/26/2022
NCIS: Season 5: Identity Crisis,6/26/2022
NCIS: Season 5: Ex-File,6/26/2022
NCIS: Season 5: Family,6/26/2022
NCIS: Season 5: Bury Your Dead,6/26/2022
NCIS: Season 4: Angel of Death,6/26/2022
Bhool Bhulaiyaa 2,6/25/2022
NCIS: Season 4: Trojan Horse,6/24/2022
NCIS: Season 4: In the Dark,6/24/2022
NCIS: Season 4: Brothers in Arms,6/23/2022
NCIS: Season 4: Cover Story,6/23/2022
NCIS: Season 4: Grace Period,6/22/2022
NCIS: Season 4: Iceman,6/22/2022
NCIS: Season 4: Skeletons,6/21/2022
NCIS: Season 4: Dead Man Walking,6/21/2022
NCIS: Season 4: Friends and Lovers,6/20/2022
NCIS: Season 4: Blowback,6/20/2022
NCIS: Season 4: Sharif Returns,6/19/2022
NCIS: Season 4: Suspicion,6/19/2022
NCIS: Season 4: Driven,6/19/2022
NCIS: Season 4: Smoked,6/19/2022
NCIS: Season 4: Twisted Sister,6/18/2022
NCIS: Season 4: Once a Hero,6/18/2022
NCIS: Season 4: Sandblast,6/18/2022
NCIS: Season 4: Witch Hunt,6/18/2022
"Fabulous Lives of Bollywood Wives: Season 1: Crabs, Claws and a Catfight",6/18/2022
NCIS: Season 4: Dead and Unburied,6/17/2022
NCIS: Season 4: Faking It,6/17/2022
NCIS: Season 4: Singled Out,6/17/2022
NCIS: Season 4: Escaped,6/17/2022
NCIS: Season 4: Shalom,6/17/2022
Fabulous Lives of Bollywood Wives: Season 1: Werk it!,6/16/2022
NCIS: Season 3: Hiatus: Part 2,6/16/2022
NCIS: Season 3: Hiatus: Part 1,6/16/2022
RRR (Hindi),6/15/2022
NCIS: Season 3: Jeopardy,6/15/2022
NCIS: Season 3: Bloodbath,6/15/2022
NCIS: Season 3: Untouchable,6/15/2022
Vice,6/15/2022
Grandmaster,6/15/2022
NCIS: Season 3: Iced,6/15/2022
NCIS: Season 3: Bait,6/14/2022
NCIS: Season 3: Ravenous,6/14/2022
NCIS: Season 3: Family Secret,6/14/2022
NCIS: Season 3: Head Case,6/13/2022
NCIS: Season 3: Light Sleeper,6/13/2022
NCIS: Season 3: Deception,6/13/2022
NCIS: Season 3: Boxed In,6/13/2022
NCIS: Season 3: Model Behavior,6/13/2022
NCIS: Season 3: Probie,6/13/2022
NCIS: Season 3: Frame-Up,6/12/2022
NCIS: Season 3: Under Covers,6/12/2022
NCIS: Season 3: Honor Code,6/9/2022
NCIS: Season 3: The Voyeur's Web,6/9/2022
NCIS: Season 3: Switch,6/9/2022
NCIS: Season 3: Silver War,6/9/2022
NCIS: Season 3: Mind Games,6/9/2022
NCIS: Season 3: Kill Ari: Part 2,6/9/2022
NCIS: Season 3: Kill Ari: Part 1,6/8/2022
NCIS: Season 2: Twilight,6/8/2022
NCIS: Season 2: S.W.A.K.,6/8/2022
NCIS: Season 2: Hometown Hero,6/8/2022
NCIS: Season 2: Red Cell,6/7/2022
NCIS: Season 2: Conspiracy Theory,6/7/2022
NCIS: Season 2: Bikini Wax,6/7/2022
NCIS: Season 2: An Eye for an Eye,6/7/2022
NCIS: Season 2: Pop Life,6/7/2022
NCIS: Season 2: Caught on Tape,6/6/2022
NCIS: Season 2: Witness,6/6/2022
NCIS: Season 2: The Meat Puzzle,6/5/2022
NCIS: Season 2: Doppelganger,6/5/2022
NCIS: Season 2: Black Water,6/5/2022
NCIS: Season 2: Chained,6/5/2022
NCIS: Season 2: Forced Entry,6/4/2022
NCIS: Season 2: Heart Break,6/4/2022
NCIS: Season 2: Call of Silence,6/4/2022
NCIS: Season 2: Terminal Leave,6/4/2022
NCIS: Season 2: The Bone Yard,6/3/2022
NCIS: Season 2: Lt. Jane Doe,6/3/2022
NCIS: Season 2: Vanished,6/3/2022
NCIS: Season 2: The Good Wives Club,6/3/2022
NCIS: Season 2: See No Evil,6/2/2022
NCIS: Season 1: Reveille,6/2/2022
NCIS: Season 1: A Weak Link,6/2/2022
NCIS: Season 1: Split Decision,6/2/2022
NCIS: Season 1: Missing,6/2/2022
NCIS: Season 1: Dead Man Talking,6/2/2022
NCIS: Season 1: Unsealed,6/2/2022
Jana Gana Mana,6/2/2022
Fabulous Lives of Bollywood Wives: Season 1: Of Waltzes and Water Bras,6/2/2022
NCIS: Season 1: The Truth Is Out There,6/1/2022
NCIS: Season 1: Bête Noire,6/1/2022
Rotten: Season 2: The Avocado War,6/1/2022
NCIS: Season 1: Enigma,5/30/2022
NCIS: Season 1: The Good Samaritan,5/30/2022
The Lost Husband,5/30/2022
Rotten: Season 1: Cod Is Dead,5/30/2022
Rotten: Season 1: Milk Money,5/30/2022
Rotten: Season 1: Big Bird,5/30/2022
Rotten: Season 1: Garlic Breath,5/29/2022
Rotten: Season 1: The Peanut Problem,5/29/2022
"Rotten: Season 1: Lawyers, Guns & Honey",5/28/2022
Rotten: Season 2: High on Edibles,5/28/2022
Rotten: Season 2: Bitter Chocolate,5/27/2022
Rotten: Season 2: A Sweet Deal,5/27/2022
Rumor Has It...,5/27/2022
Just Like Heaven,5/26/2022
Out of my league,5/26/2022
You've Got Mail,5/26/2022
Rotten: Season 2: Troubled Water,5/24/2022
Rotten: Season 2: Reign of Terroir,5/23/2022
History 101: Season 1: Genetics,5/22/2022
History 101: Season 1: AIDS,5/22/2022
History 101: Season 1: Nuclear Power,5/22/2022
History 101: Season 1: Feminism,5/22/2022
History 101: Season 1: Robots,5/22/2022
History 101: Season 1: Oil and the Middle East,5/22/2022
History 101: Season 1: Plastics,5/22/2022
History 101: Season 1: The Rise of China,5/22/2022
History 101: Season 1: The Space Race,5/22/2022
History 101: Season 1: Fast Food,5/22/2022
Dirty Money: Season 2: The Wagon Wheel,5/22/2022
A Perfect Pairing,5/21/2022
One Day at a Time: Season 1: No Mass,5/17/2022
One Day at a Time: Season 1: Bobos and Mamitas,5/17/2022
One Day at a Time: Season 1: This Is It,5/17/2022
"NCIS: Season 1: One Shot, One Kill",5/16/2022
NCIS: Season 1: My Other Left Foot,5/16/2022
NCIS: Season 1: Eye Spy,5/16/2022
NCIS: Season 1: Left for Dead,5/16/2022
NCIS: Season 1: Marine Down,5/16/2022
NCIS: Season 1: Minimum Security,5/16/2022
Beast (Telugu),5/15/2022
The Girl King,5/15/2022
NCIS: Season 1: Sub Rosa,5/15/2022
NCIS: Season 1: High Seas,5/14/2022
NCIS: Season 1: The Curse,5/14/2022
Gabbar Is Back,5/14/2022
Thar,5/14/2022
NCIS: Season 1: The Immortals,5/13/2022
NCIS: Season 1: Seadog,5/12/2022
NCIS: Season 1: Hung Out to Dry,5/12/2022
NCIS: Season 1: Yankee White,5/12/2022
Cowspiracy: The Sustainability Secret,5/11/2022
What the Health,5/11/2022
Kardec,5/11/2022
Ratched: Ice Pick,5/10/2022
Ratched: Pilot,5/10/2022
Brave Blue World: Racing to Solve Our Water Crisis,5/10/2022
Weed the People,5/10/2022
From Stress to Happiness,5/9/2022
The 4400: Pilot: Part 2,5/9/2022
The 4400: Pilot: Part 1,5/9/2022
Back to 15: Season 1: (¬_¬),5/8/2022
Back to 15: Season 1: (⊙_⊙),5/8/2022
Just Another Christmas,5/8/2022
Wild Wild Country: Season 1: Part 4,5/8/2022
Double Dad,5/7/2022
Awe,5/5/2022
Pitta Kathalu: Ramula,5/5/2022
Seven Years in Tibet,5/5/2022
Do Dooni Chaar,5/4/2022
Wild Wild Country: Season 1: Part 3,5/4/2022
Wild Wild Country: Season 1: Part 2,5/4/2022
Wild Wild Country: Season 1: Part 1,5/4/2022
Better Than Us: Episode 16,5/3/2022
The 7 Lives of Lea: Limited Series: June 20th,5/2/2022
The 7 Lives of Lea: Limited Series: June 19th,5/2/2022
The 7 Lives of Lea: Limited Series: June 18th,5/2/2022
The 7 Lives of Lea: Limited Series: June 17th,5/2/2022
The 7 Lives of Lea: Limited Series: June 16th,5/1/2022
Victoria & Abdul,5/1/2022
The 7 Lives of Lea: Limited Series: June 15th,5/1/2022
Yakamoz S-245: Episode 1,5/1/2022
The Dreamseller,5/1/2022
Better Than Us: Episode 15,5/1/2022
Highway,4/30/2022
Better Than Us: Episode 14,4/30/2022
Better Than Us: Episode 13,4/30/2022
Better Than Us: Episode 12,4/30/2022
Better Than Us: Episode 11,4/30/2022
Better Than Us: Episode 10,4/30/2022
Better Than Us: Episode 9,4/30/2022
Better Than Us: Episode 8,4/30/2022
Better Than Us: Episode 7,4/29/2022
Better Than Us: Episode 6,4/29/2022
Better Than Us: Episode 5,4/28/2022
Better Than Us: Episode 4,4/28/2022
Gangubai Kathiawadi,4/27/2022
The Gift: Season 3: Episode 8,4/26/2022
The Gift: Season 3: Episode 7,4/26/2022
The Gift: Season 3: Episode 6,4/26/2022
The Gift: Season 3: Episode 5,4/26/2022
The Gift: Season 3: Episode 4,4/25/2022
The Gift: Season 3: Episode 3,4/25/2022
The Gift: Season 3: Episode 2,4/25/2022
The Gift: Season 3: Episode 1,4/24/2022
The Gift: Season 2: Episode 8,4/24/2022
The Gift: Season 2: Episode 7,4/24/2022
The Gift: Season 2: Episode 6,4/24/2022
The Gift: Season 2: Episode 5,4/24/2022
The Gift: Season 2: Episode 4,4/24/2022
The Gift: Season 2: Episode 3,4/23/2022
The Gift: Season 2: Episode 2,4/23/2022
The Gift: Season 2: Episode 1,4/22/2022
The Gift: Season 1: Episode 8,4/22/2022
The Gift: Season 1: Episode 7,4/22/2022
The Gift: Season 1: Episode 6,4/22/2022
The Gift: Season 1: Episode 5,4/21/2022
The Gift: Season 1: Episode 4,4/21/2022
The Gift: Season 1: Episode 3,4/21/2022
The Gift: Season 1: Episode 2,4/21/2022
The Gift: Season 1: Episode 1,4/21/2022
The Dig,4/19/2022
I Am Kalam,4/19/2022
Mai: A Mother's Rage: Episode 6,4/19/2022
Mai: A Mother's Rage: Episode 5,4/19/2022
Mai: A Mother's Rage: Episode 4,4/19/2022
Mai: A Mother's Rage: Episode 3,4/19/2022
Mai: A Mother's Rage: Episode 2,4/18/2022
Mai: A Mother's Rage: Episode 1,4/18/2022
Better Than Us: Episode 3,4/18/2022
Better Than Us: Episode 2,4/18/2022
'83,4/17/2022
House of Cards: Season 1: Chapter 4,4/17/2022
House of Cards: Season 1: Chapter 3,4/17/2022
House of Cards: Season 1: Chapter 2,4/17/2022
The Taming of the Shrewd,4/17/2022
2 Hearts,4/17/2022
Captain Nova,4/17/2022
Annaatthe (Telugu),4/16/2022
A Perfect Ending,4/14/2022
Sex Education: Season 1: Episode 1,4/14/2022
The Man Without Gravity,4/14/2022
Our Great National Parks: Limited Series: Chilean Patagonia,4/13/2022
Our Great National Parks: Limited Series: A World of Wonder,4/13/2022
Etharkkum Thunindhavan (Telugu),4/9/2022
Etharkkum Thunindhavan,4/9/2022
Hey Sinamika,4/9/2022
Better Than Us: Episode 1,4/9/2022
Return to Space,4/9/2022
Mauli,4/9/2022
All Hail,4/9/2022
Cobalt Blue,4/9/2022
Ginny Weds Sunny,4/9/2022
Dasvi,4/9/2022
Etharkkum Thunindhavan (Hindi),4/9/2022
Anbe Sivam,4/4/2022
Hey Sinamika (Hindi),4/4/2022
Hey Sinamika (Telugu),4/2/2022
Finding ‘Ohana,3/30/2022
Another Life: Season 1: Guilt Trip,3/30/2022
Another Life: Season 1: Nervous Breakdown,3/30/2022
Frequency: Pilot,3/30/2022
Another Life: Season 1: Through the Valley of Shadows,3/29/2022
Another Life: Season 1: Across the Universe,3/29/2022
Bridgerton: Season 1: Shock and Delight,3/28/2022
Bridgerton: Season 1: Diamond of the First Water,3/28/2022
A.X.L.,3/28/2022
Blade Runner 2049,3/27/2022
The Water Man,3/27/2022
The Resurrection of Gavin Stone,3/27/2022
Special 26,3/26/2022
Lee Daniels' The Butler,3/26/2022
Rescued by Ruby,3/24/2022
Thimmarusu,3/22/2022
In Good Hands,3/22/2022
Business Proposal: Episode 6,3/21/2022
My Dog Skip,3/19/2022
London Has Fallen,3/19/2022
Badhaai Do,3/17/2022
The Kindness of Strangers,3/15/2022
Single All The Way,3/15/2022
2 States,3/15/2022
Midnight at the Pera Palace: Roots,3/15/2022
Midnight at the Pera Palace: The Journey,3/15/2022
Business Proposal: Episode 5,3/14/2022
The Adam Project,3/13/2022
Business Proposal: Episode 4,3/13/2022
Business Proposal: Episode 3,3/13/2022
Business Proposal: Episode 2,3/13/2022
Business Proposal: Episode 1,3/13/2022
Dhobi Ghat (Mumbai Diaries),3/13/2022
Heroine,3/13/2022
Hamid,3/13/2022
Thambi,3/12/2022
PATRICK (2019),3/12/2022
Guru,3/12/2022
The Bride of Habaek: Episode 3,3/10/2022
The Bride of Habaek: Episode 2,3/10/2022
Mom,3/10/2022
The Bride of Habaek: Episode 1,3/9/2022
The Lucky One,3/8/2022
The Zoya Factor,3/7/2022
Secret Superstar,3/5/2022
A California Christmas: City Lights,3/5/2022
The Knight Before Christmas,3/5/2022
Hum Aapke Hain Koun,3/5/2022
Hum Saath-Saath Hain,3/5/2022
The Sky Is Pink,3/4/2022
Love Per Square Foot,2/28/2022
The Glamorous Imperial Concubine: Episode 3,2/27/2022
The Glamorous Imperial Concubine: Episode 2,2/27/2022
The Glamorous Imperial Concubine: Episode 1,2/27/2022
Looop Lapeta,2/27/2022
The Fame Game: Episode 8,2/27/2022
The Fame Game: Episode 7,2/26/2022
The Fame Game: Episode 6,2/26/2022
The Fame Game: Episode 5,2/26/2022
The Fame Game: Episode 4,2/26/2022
The Fame Game: Episode 3,2/26/2022
The Fame Game: Episode 2,2/26/2022
The Fame Game: Episode 1,2/25/2022
Vivah,2/16/2022
My Next Guest with David Letterman and Shah Rukh Khan,2/13/2022
Vicky and Her Mystery,2/7/2022
Sacred Games: Season 1: Ashwathama ,2/7/2022
Little Things: Season 3: Senior Citizens,2/6/2022
Kapil Sharma: I'm Not Done Yet,2/6/2022
Cinderella and the Four Knights: Episode 1,2/5/2022
Raising Dion: Season 1: ISSUE #104: Welcome to BIONA. Hope You Survive the Experience,2/2/2022
Raising Dion: Season 1: ISSUE #103: Watch Man,2/2/2022
Raising Dion: Season 1: ISSUE #102: Fortress of Solitude,2/2/2022
Raising Dion: Season 1: ISSUE #101: How Do You Raise a Superhero?,2/1/2022
Outlander: Season 1: The Gathering,1/31/2022
Outlander: Season 1: The Way Out,1/31/2022
Outlander: Season 1: Castle Leoch,1/31/2022
Outlander: Season 1: Sassenach,1/30/2022
Triad Princess: Shing Bwei,1/30/2022
Lost in Space: Season 3: Trust,1/30/2022
Lost in Space: Season 3: Contingencies on Contingencies,1/30/2022
Parmanu: The Story of Pokhran,1/30/2022
Lost in Space: Season 3: Final Transmission,1/29/2022
Lost in Space: Season 3: Stuck,1/29/2022
Lost in Space: Season 3: Nothing Left Behind,1/29/2022
Lost in Space: Season 3: The New Guy,1/29/2022
Lost in Space: Season 3: Contact,1/28/2022
Lost in Space: Season 3: Three Little Birds,1/28/2022
Lost in Space: Season 2: Ninety-Seven,1/27/2022
Lost in Space: Season 2: Shell Game,1/27/2022
Lost in Space: Season 2: Unknown,1/27/2022
Lost in Space: Season 2: Evolution,1/27/2022
Lost in Space: Season 2: Severed,1/27/2022
Lost in Space: Season 2: Run,1/27/2022
Lost in Space: Season 2: Scarecrow,1/27/2022
Lost in Space: Season 2: Echoes,1/26/2022
Lost in Space: Season 2: Precipice,1/26/2022
Lost in Space: Season 2: Shipwrecked,1/26/2022
"Lost in Space: Season 1: Danger, Will Robinson",1/26/2022
Lost in Space: Season 1: Resurrection,1/26/2022
Lost in Space: Season 1: Trajectory,1/26/2022
Lost in Space: Season 1: Pressurized,1/26/2022
Lost in Space: Season 1: Eulogy,1/26/2022
Lost in Space: Season 1: Transmission,1/26/2022
Yeh Kaali Kaali Ankhein: Season 1: The Crying Game,1/26/2022
Boss & Me: Episode 3,1/25/2022
Boss & Me: Episode 2,1/25/2022
Boss & Me: Episode 1,1/25/2022
Lost in Space: Season 1: The Robinsons Were Here,1/23/2022
Lost in Space: Season 1: Infestation,1/23/2022
Lost in Space: Season 1: Diamonds In The Sky,1/23/2022
The Royal Treatment,1/23/2022
A California Christmas,1/23/2022
Shyam Singha Roy,1/23/2022
Animal: Season 1: Dogs,1/23/2022
Pup Academy: Season 1: My Uncle Is Dude,1/23/2022
Pup Academy: Season 1: Cooking Up Trouble,1/23/2022
Show Dogs,1/23/2022
Dogs: Season 2: Much Ado About Blue,1/23/2022
Penguins of Madagascar: The Movie,1/23/2022
Tughlaq Durbar (Telugu),1/21/2022
Yeh Kaali Kaali Ankhein: Season 1: Seedha Sa Plan,1/21/2022
Yeh Kaali Kaali Ankhein: Season 1: Jack and Jill,1/21/2022
Yeh Kaali Kaali Ankhein: Season 1: Do You Love Me?,1/21/2022
Yeh Kaali Kaali Ankhein: Season 1: 4 Goliyaan,1/21/2022
Yeh Kaali Kaali Ankhein: Season 1: Bandook Aur Hawaii Chappal,1/21/2022
Yeh Kaali Kaali Ankhein: Season 1: Band Toh Bajega,1/20/2022
Yeh Kaali Kaali Ankhein: Season 1: Teri Baari Hai,1/20/2022
Ashes of Love: Ashes of love: Episode 3,1/20/2022
Ashes of Love: Ashes of love: Episode 2,1/19/2022
Ashes of Love: Ashes of love: Episode 1,1/19/2022
Superman Returns,1/19/2022
Marvel's Agents of S.H.I.E.L.D.: Season 5: The Devil Complex,1/17/2022
Marvel's Agents of S.H.I.E.L.D.: Season 5: Principia,1/17/2022
Marvel's Agents of S.H.I.E.L.D.: Season 5: The Real Deal,1/17/2022
Marvel's Agents of S.H.I.E.L.D.: Season 5: All the Comforts of Home,1/17/2022
Orbiter 9,1/16/2022
The Colony,1/16/2022
"Money, Explained: Limited Series: Credit Cards",1/12/2022
"Money, Explained: Limited Series: Get Rich Quick",1/12/2022
Marvel's Agents of S.H.I.E.L.D.: Season 5: Past Life,1/11/2022
Marvel's Agents of S.H.I.E.L.D.: Season 5: Best Laid Plans,1/11/2022
Marvel's Agents of S.H.I.E.L.D.: Season 5: The Last Day,1/11/2022
Marvel's Agents of S.H.I.E.L.D.: Season 5: Together or Not at All,1/10/2022
Marvel's Agents of S.H.I.E.L.D.: Season 5: Fun & Games,1/10/2022
Marvel's Agents of S.H.I.E.L.D.: Season 5: Rewind,1/10/2022
Marvel's Agents of S.H.I.E.L.D.: Season 5: A Life Earned,1/10/2022
Marvel's Agents of S.H.I.E.L.D.: Season 5: A Life Spent,1/10/2022
Marvel's Agents of S.H.I.E.L.D.: Season 5: Orientation (Part Two),1/10/2022
Marvel's Agents of S.H.I.E.L.D.: Season 5: Orientation (Part One),1/10/2022
Marvel's Agents of S.H.I.E.L.D.: Season 4: World's End,1/10/2022
Chandigarh Kare Aashiqui,1/10/2022
Pagglait,1/10/2022
Marvel's Agents of S.H.I.E.L.D.: Season 4: The Return,1/9/2022
"Marvel's Agents of S.H.I.E.L.D.: Season 4: Farewell, Cruel World!",1/9/2022
Marvel's Agents of S.H.I.E.L.D.: Season 4: All the Madame's Men,1/8/2022
Chennai Express,1/7/2022
Marvel's Agents of S.H.I.E.L.D.: Season 4: No Regrets,1/7/2022
Marvel's Agents of S.H.I.E.L.D.: Season 4: Identity and Change,1/7/2022
Marvel's Agents of S.H.I.E.L.D.: Season 4: What If…,1/7/2022
Marvel's Agents of S.H.I.E.L.D.: Season 4: Self Control,1/7/2022
Marvel's Agents of S.H.I.E.L.D.: Season 4: The Man Behind the Shield,1/7/2022
Marvel's Agents of S.H.I.E.L.D.: Season 4: Boom,1/6/2022
Marvel's Agents of S.H.I.E.L.D.: Season 4: Hot Potato Soup,1/6/2022
Marvel's Agents of S.H.I.E.L.D.: Season 4: Wake Up,1/6/2022
Marvel's Agents of S.H.I.E.L.D.: Season 4: The Patriot,1/5/2022
Marvel's Agents of S.H.I.E.L.D.: Season 4: Broken Promises,1/5/2022
Marvel's Agents of S.H.I.E.L.D.: Season 4: The Laws of Inferno Dynamics,1/5/2022
Marvel's Agents of S.H.I.E.L.D.: Season 4: Deals with Our Devils,1/5/2022
Marvel's Agents of S.H.I.E.L.D.: Season 4: The Good Samaritan,1/5/2022
Marvel's Agents of S.H.I.E.L.D.: Season 4: Lockup,1/4/2022
Marvel's Agents of S.H.I.E.L.D.: Season 4: Let Me Stand Next to Your Fire,1/4/2022
Marvel's Agents of S.H.I.E.L.D.: Season 4: Uprising,1/4/2022
Marvel's Agents of S.H.I.E.L.D.: Season 4: Meet the New Boss,1/4/2022
Marvel's Agents of S.H.I.E.L.D.: Season 4: The Ghost,1/4/2022
Marvel's Agents of S.H.I.E.L.D.: Season 3: Ascension,1/3/2022
Marvel's Agents of S.H.I.E.L.D.: Season 3: Absolution,1/3/2022
Marvel's Agents of S.H.I.E.L.D.: Season 3: Emancipation,1/3/2022
Marvel's Agents of S.H.I.E.L.D.: Season 3: Failed Experiments,1/3/2022
Marvel's Agents of S.H.I.E.L.D.: Season 3: The Singularity,1/3/2022
Aranyak: Episode 1,1/2/2022
Marvel's Agents of S.H.I.E.L.D.: Season 3: The Team,1/1/2022
Marvel's Agents of S.H.I.E.L.D.: Season 3: Paradise Lost,1/1/2022
Marvel's Agents of S.H.I.E.L.D.: Season 3: Spacetime,1/1/2022
Marvel's Agents of S.H.I.E.L.D.: Season 3: Watchdogs,1/1/2022
Dharmakshetra: Episode 1,1/1/2022
Bad Boy Billionaires: India: The World's Biggest Family,1/1/2022
Bad Boy Billionaires: India: Diamonds Aren't Forever,1/1/2022
Bad Boy Billionaires: India: The King of Good Times,1/1/2022
Minnal Murali,12/31/2021
Madam Secretary: Season 1: Pilot,12/31/2021
Madam Secretary: Madam Secretary: Season 6: Hail to the Chief,12/30/2021
Govinda Govinda,12/30/2021
Marvel's Agents of S.H.I.E.L.D.: Season 3: Parting Shot,12/30/2021
Marvel's Agents of S.H.I.E.L.D.: Season 3: The Inside Man,12/30/2021
Meenakshi Sundareshwar,12/27/2021
Marvel's Agents of S.H.I.E.L.D.: Season 3: Bouncing Back,12/26/2021
Kurup (Telugu),12/26/2021
Dhamaka,12/26/2021
Phantom,12/26/2021
Inborn Pair: Episode 1,12/25/2021
Sooryavanshi,12/24/2021
Marvel's Agents of S.H.I.E.L.D.: Season 3: Maveth,12/24/2021
Marvel's Agents of S.H.I.E.L.D.: Season 3: Closure,12/23/2021
"Marvel's Agents of S.H.I.E.L.D.: Season 3: Many Heads, One Tale",12/23/2021
Marvel's Agents of S.H.I.E.L.D.: Season 3: Chaos Theory,12/23/2021
Marvel's Agents of S.H.I.E.L.D.: Season 3: Among Us Hide...,12/22/2021
"Marvel's Agents of S.H.I.E.L.D.: Season 3: 4,722 Hours",12/22/2021
Marvel's Agents of S.H.I.E.L.D.: Season 3: Devils You Know,12/22/2021
Marvel's Agents of S.H.I.E.L.D.: Season 3: A Wanted (Inhu) Man,12/22/2021
Marvel's Agents of S.H.I.E.L.D.: Season 3: Purpose In the Machine,12/22/2021
Designated Survivor: Season 3: #truthorconsequences,12/22/2021
Designated Survivor: Season 3: #undecided,12/22/2021
Marvel's Agents of S.H.I.E.L.D.: Season 3: Laws of Nature,12/22/2021
Marvel's Agents of S.H.I.E.L.D.: Season 2: S.O.S.: Part 2,12/21/2021
Marvel's Agents of S.H.I.E.L.D.: Season 2: S.O.S.: Part 1,12/21/2021
Marvel's Agents of S.H.I.E.L.D.: Season 2: Scars,12/21/2021
Marvel's Agents of S.H.I.E.L.D.: Season 2: The Dirty Half Dozen,12/21/2021
Marvel's Agents of S.H.I.E.L.D.: Season 2: Frenemy of My Enemy,12/21/2021
Marvel's Agents of S.H.I.E.L.D.: Season 2: Melinda,12/21/2021
Marvel's Agents of S.H.I.E.L.D.: Season 2: Afterlife,12/20/2021
Marvel's Agents of S.H.I.E.L.D.: Season 2: One Door Closes,12/20/2021
Marvel's Agents of S.H.I.E.L.D.: Season 2: Love in the Time of Hydra,12/20/2021
Marvel's Agents of S.H.I.E.L.D.: Season 2: One of Us,12/20/2021
Marvel's Agents of S.H.I.E.L.D.: Season 2: Who You Really Are,12/20/2021
Marvel's Agents of S.H.I.E.L.D.: Season 2: Aftershocks,12/20/2021
Designated Survivor: Season 3: #scaredsh*tless,12/19/2021
Marvel's Agents of S.H.I.E.L.D.: Season 2: What They Become,12/19/2021
Marvel's Agents of S.H.I.E.L.D.: Season 2: Ye Who Enter Here,12/19/2021
Marvel's Agents of S.H.I.E.L.D.: Season 2: The Things We Bury,12/19/2021
Marvel's Agents of S.H.I.E.L.D.: Season 2: The Writing on the Wall,12/19/2021
Marvel's Agents of S.H.I.E.L.D.: Season 2: A Fractured House,12/19/2021
Marvel's Agents of S.H.I.E.L.D.: Season 2: A Hen in the Wolf House,12/19/2021
Marvel's Agents of S.H.I.E.L.D.: Season 2: Face My Enemy,12/19/2021
Marvel's Agents of S.H.I.E.L.D.: Season 2: Making Friends and Influencing People,12/19/2021
Marvel's Agents of S.H.I.E.L.D.: Season 2: Heavy Is the Head,12/19/2021
Designated Survivor: Season 3: #identity/crisis,12/19/2021
Designated Survivor: Season 3: #whocares,12/19/2021
Marvel's Agents of S.H.I.E.L.D.: Season 2: Shadows,12/19/2021
Designated Survivor: Season 3: #nothingpersonal,12/19/2021
Designated Survivor: Season 3: #makehistory,12/19/2021
Designated Survivor: Season 3: #privacyplease,12/19/2021
Marvel's Agents of S.H.I.E.L.D.: Beginning of the End,12/19/2021
Marvel's Agents of S.H.I.E.L.D.: Ragtag,12/19/2021
Marvel's Agents of S.H.I.E.L.D.: Nothing Personal,12/19/2021
Marvel's Agents of S.H.I.E.L.D.: The Only Light in the Darkness,12/19/2021
Marvel's Agents of S.H.I.E.L.D.: Providence,12/19/2021
Designated Survivor: Season 3: #slipperyslope,12/18/2021
Designated Survivor: Season 3: #thesystemisbroken,12/18/2021
Designated Survivor: Season 2: Run,12/18/2021
Designated Survivor: Season 2: Target,12/18/2021
Designated Survivor: Season 2: Bad Reception,12/17/2021
"Marvel's Agents of S.H.I.E.L.D.: Turn, Turn, Turn",12/16/2021
Marvel's Agents of S.H.I.E.L.D.: End of the Beginning,12/16/2021
Marvel's Agents of S.H.I.E.L.D.: Yes Men,12/16/2021
Marvel's Agents of S.H.I.E.L.D.: T.A.H.I.T.I.,12/15/2021
Marvel's Agents of S.H.I.E.L.D.: T.R.A.C.K.S.,12/15/2021
Marvel's Agents of S.H.I.E.L.D.: Seeds,12/15/2021
Marvel's Agents of S.H.I.E.L.D.: The Magical Place,12/15/2021
Marvel's Agents of S.H.I.E.L.D.: The Bridge,12/15/2021
Designated Survivor: Season 2: Capacity,12/15/2021
Marvel's Agents of S.H.I.E.L.D.: Repairs,12/14/2021
Marvel's Agents of S.H.I.E.L.D.: The Well,12/14/2021
Marvel's Agents of S.H.I.E.L.D.: The Hub,12/14/2021
Marvel's Agents of S.H.I.E.L.D.: F.Z.Z.T,12/14/2021
Marvel's Agents of S.H.I.E.L.D.: Girl in the Flower Dress,12/14/2021
Marvel's Agents of S.H.I.E.L.D.: Eye Spy,12/14/2021
Marvel's Agents of S.H.I.E.L.D.: The Asset,12/13/2021
Designated Survivor: Season 2: Kirkman Agonistes,12/13/2021
Designated Survivor: Season 2: Overkill,12/13/2021
Designated Survivor: Season 2: Fallout,12/13/2021
Designated Survivor: Season 2: Summit,12/13/2021
Designated Survivor: Season 2: In the Dark,12/12/2021
Marvel's Agents of S.H.I.E.L.D.: 0-8-4,12/12/2021
Marvel's Agents of S.H.I.E.L.D.: Pilot,12/12/2021
Designated Survivor: Season 2: Original Sin,12/12/2021
Designated Survivor: Season 2: The Final Frontier,12/12/2021
Designated Survivor: Season 2: Grief,12/12/2021
Designated Survivor: Season 2: Line of Fire,12/12/2021
Designated Survivor: Season 2: Three Letter Day,12/12/2021
Designated Survivor: Season 2: Home,12/12/2021
Designated Survivor: Season 2: Family Ties,12/12/2021
Designated Survivor: Season 2: Two Ships,12/12/2021
Designated Survivor: Season 2: Suckers,12/11/2021
Designated Survivor: Season 2: Equilibrium,12/11/2021
Designated Survivor: Season 2: Outbreak,12/11/2021
Baahubali 2: The Conclusion (Hindi Version),12/10/2021
Baahubali: The Beginning (Hindi Version),12/10/2021
Swades,12/9/2021
Way Back into Love: Episode 3,12/9/2021
Designated Survivor: Season 2: Sting of the Tail,12/9/2021
Designated Survivor: Season 2: One Year In,12/9/2021
Designated Survivor: Season 1: Brace for Impact,12/8/2021
Way Back into Love: Episode 2,12/8/2021
Way Back into Love: Episode 1,12/8/2021
Marvel's Iron Fist: Immortal Emerges from Cave,12/8/2021
Marvel's Iron Fist: Under Leaf Pluck Lotus,12/8/2021
Designated Survivor: Season 1: Bombshell,12/8/2021
Designated Survivor: Season 1: Misalliance,12/8/2021
Designated Survivor: Season 1: Lazarus,12/8/2021
Designated Survivor: Season 1: The Ninth Seat,12/8/2021
Marvel's Iron Fist: Eight Diagram Dragon Palm,12/7/2021
Marvel's Iron Fist: Rolling Thunder Cannon Punch,12/7/2021
Marvel's Iron Fist: Shadow Hawk Takes Flight,12/7/2021
Marvel's Iron Fist: Snow Gives Way,12/7/2021
Designated Survivor: Season 1: Party Lines,12/7/2021
Designated Survivor: Season 1: One Hundred Days,12/7/2021
Designated Survivor: Season 1: Commander-in-Chief,12/7/2021
Designated Survivor: Season 1: Backfire,12/7/2021
Designated Survivor: Season 1: The End of the Beginning,12/7/2021
Designated Survivor: Season 1: Warriors,12/6/2021
Designated Survivor: Season 1: The Oath,12/6/2021
Designated Survivor: Season 1: The Blueprint,12/6/2021
Designated Survivor: Season 1: The Results,12/6/2021
Designated Survivor: Season 1: The Traitor,12/5/2021
Designated Survivor: Season 1: The Interrogation,12/5/2021
Designated Survivor: Season 1: The Mission,12/5/2021
Designated Survivor: Season 1: The Enemy,12/5/2021
Designated Survivor: Season 1: The Confession,12/4/2021
Designated Survivor: Season 1: The First Day,12/4/2021
Designated Survivor: Season 1: Pilot,12/4/2021
Kismat Konnection,12/2/2021
King Arthur: Legend of the Sword,12/2/2021
A Beautiful Life,12/2/2021
Shutter Island,11/30/2021
I Am Mother,11/30/2021
House of Cards: Season 1: Chapter 1,11/29/2021
"Private Practice: In Which We Meet Addison, a Nice Girl From Somewhere Else",11/29/2021
Madam Secretary: Season 5: Better Angels,11/28/2021
Madam Secretary: Season 5: The Great Experiment,11/28/2021
Madam Secretary: Season 5: Ready,11/28/2021
Madam Secretary: Season 5: The Common Defense,11/28/2021
Madam Secretary: Season 5: The New Normal,11/28/2021
Madam Secretary: Season 5: Between the Seats,11/28/2021
Maha Samudram,11/27/2021
Most Eligible Bachelor,11/27/2021
Madam Secretary: Season 5: Something Better,11/27/2021
Madam Secretary: Season 5: Proxy War,11/27/2021
Madam Secretary: Season 5: Strategic Ambiguity,11/27/2021
Madam Secretary: Season 5: Family Separation: Part 2,11/27/2021
Madam Secretary: Season 5: Family Separation: Part 1,11/27/2021
Madam Secretary: Season 5: Winter Garden,11/26/2021
Madam Secretary: Season 5: The Courage to Continue,11/26/2021
Madam Secretary: Season 5: Baby Steps,11/25/2021
Madam Secretary: Season 5: Eyjafjallaökull,11/25/2021
Madam Secretary: Season 5: Ghosts,11/25/2021
Madam Secretary: Season 5: Requiem,11/25/2021
Madam Secretary: Season 5: The Magic Rake,11/25/2021
Madam Secretary: Season 5: The Chaos Game,11/25/2021
Madam Secretary: Season 5: E Pluribus Unum,11/25/2021
Madam Secretary: Season 4: Night Watch,11/25/2021
Madam Secretary: Season 4: Protocol,11/25/2021
Madam Secretary: Season 4: The Things We Get to Say,11/25/2021
Madam Secretary: Season 4: Thin Ice,11/25/2021
Madam Secretary: Season 4: The Friendship Game,11/25/2021
Madam Secretary: Season 4: Phase Two,11/25/2021
Madam Secretary: Season 4: My Funny Valentine,11/24/2021
Madam Secretary: Season 4: The Unnamed,11/24/2021
Madam Secretary: Season 4: Refuge,11/24/2021
Madam Secretary: Season 4: Reading the Signs,11/24/2021
Madam Secretary: Season 4: Sound and Fury,11/24/2021
Madam Secretary: Season 4: Mitya,11/24/2021
Madam Secretary: Season 4: Women Transform the World,11/24/2021
Madam Secretary: Season 4: Minefield,11/24/2021
Madam Secretary: Season 4: The Fourth Estate,11/24/2021
Madam Secretary: Season 4: North to the Future,11/24/2021
Madam Secretary: Season 4: Loophole,11/24/2021
Madam Secretary: Season 4: Persona Non Grata,11/23/2021
Madam Secretary: Season 4: Shutdown,11/23/2021
Madam Secretary: Season 4: The Essentials,11/23/2021
Madam Secretary: Season 4: Off the Record,11/23/2021
Madam Secretary: Season 4: News Cycle,11/23/2021
Madam Secretary: Season 3: Article 5,11/23/2021
Madam Secretary: Season 3: Revelation,11/22/2021
Madam Secretary: Season 3: The Seventh Floor,11/22/2021
Madam Secretary: Season 3: Extraordinary Hazard,11/22/2021
Madam Secretary: Season 3: Global Relief,11/22/2021
Madam Secretary: Season 3: Good Bones,11/21/2021
Madam Secretary: Season 3: Convergence,11/21/2021
Madam Secretary: Season 3: Swept Away,11/21/2021
Madam Secretary: Season 3: Break in Diplomacy,11/21/2021
Madam Secretary: Season 3: Labor of Love,11/21/2021
Madam Secretary: Season 3: The Beautiful Game,11/21/2021
Madam Secretary: Season 3: The Detour,11/21/2021
Madam Secretary: Season 3: Gift Horse,11/21/2021
Madam Secretary: Season 3: The Race,11/21/2021
Madam Secretary: Season 3: Snap Back,11/20/2021
Madam Secretary: Season 3: Breakout Capacity,11/20/2021
Madam Secretary: Season 3: Tectonic Shift,11/20/2021
Madam Secretary: Season 3: The Statement,11/20/2021
Madam Secretary: Season 3: The French Revolution,11/20/2021
Madam Secretary: Season 3: The Dissent Memo,11/20/2021
Madam Secretary: Season 3: South China Sea,11/20/2021
Madam Secretary: Season 3: The Linchpin,11/19/2021
Madam Secretary: Season 3: Sea Change,11/19/2021
Madam Secretary: Season 2: Vartius,11/19/2021
Madam Secretary: Season 2: Render Safe,11/19/2021
Madam Secretary: Season 2: Connection Lost,11/19/2021
Madam Secretary: Season 2: Ghost Detainee,11/19/2021
Madam Secretary: Season 2: Desperate Remedies,11/19/2021
Madam Secretary: Season 2: On the Clock,11/19/2021
Madam Secretary: Season 2: Higher Learning,11/19/2021
Madam Secretary: Season 2: Hijriyyah,11/19/2021
Madam Secretary: Season 2: Right of the Boom,11/18/2021
Madam Secretary: Season 2: Left of the Boom,11/18/2021
Madam Secretary: Season 2: Invasive Species,11/18/2021
Madam Secretary: Season 2: The Middle Way,11/18/2021
Madam Secretary: Season 2: Unity Node,11/17/2021
Madam Secretary: Season 2: The Greater Good,11/17/2021
Madam Secretary: Season 2: Russian Roulette,11/17/2021
Madam Secretary: Season 2: Lights Out,11/17/2021
Madam Secretary: Season 2: You Say You Want a Revolution,11/17/2021
Madam Secretary: Season 2: Catch and Release,11/17/2021
Madam Secretary: Season 2: The Long Shot,11/15/2021
Madam Secretary: Season 2: Waiting for Taleju,11/15/2021
Madam Secretary: Season 2: The Rusalka,11/15/2021
Madam Secretary: Season 2: The Doability Doctrine,11/15/2021
Madam Secretary: Season 2: The Show Must Go On,11/15/2021
Madam Secretary: Season 1: There But for the Grace of God,11/15/2021
Inborn Pair: Episode 62,11/15/2021
Inborn Pair: Episode 61,11/15/2021
Animal: Season 1: Big Cats,11/15/2021
Lawless Lawyer: Episode 16,11/14/2021
Lawless Lawyer: Episode 15,11/14/2021
Lawless Lawyer: Episode 14,11/14/2021
Lawless Lawyer: Episode 13,11/14/2021
Lawless Lawyer: Episode 12,11/13/2021
Lawless Lawyer: Episode 11,11/13/2021
Lawless Lawyer: Episode 10,11/13/2021
Lawless Lawyer: Episode 9,11/13/2021
Lawless Lawyer: Episode 8,11/13/2021
Lawless Lawyer: Episode 7,11/13/2021
Lawless Lawyer: Episode 6,11/13/2021
Lawless Lawyer: Episode 5,11/13/2021
Lawless Lawyer: Episode 4,11/13/2021
Lawless Lawyer: Episode 3,11/13/2021
Lawless Lawyer: Episode 2,11/13/2021
Lawless Lawyer: Episode 1,11/13/2021
Dogs: Season 2: Space for Dogs,11/12/2021
Inborn Pair: Episode 60,11/12/2021
Inborn Pair: Episode 59,11/12/2021
Inborn Pair: Episode 58,11/12/2021
Inborn Pair: Episode 57,11/11/2021
Inborn Pair: Episode 56,11/11/2021
Inborn Pair: Episode 55,11/11/2021
Inborn Pair: Episode 54,11/9/2021
Inborn Pair: Episode 53,11/9/2021
Inborn Pair: Episode 52,11/9/2021
Inborn Pair: Episode 51,11/9/2021
Inborn Pair: Episode 50,11/9/2021
Inborn Pair: Episode 49,11/9/2021
Inborn Pair: Episode 48,11/9/2021
Inborn Pair: Episode 47,11/9/2021
Inborn Pair: Episode 46,11/8/2021
Inborn Pair: Episode 45,11/8/2021
Inborn Pair: Episode 44,11/8/2021
Inborn Pair: Episode 43,11/8/2021
Inborn Pair: Episode 42,11/8/2021
Inborn Pair: Episode 41,11/8/2021
Inborn Pair: Episode 40,11/8/2021
Saving Capitalism,11/7/2021
Inborn Pair: Episode 39,11/6/2021
Inborn Pair: Episode 38,11/6/2021
Inborn Pair: Episode 37,11/6/2021
Inborn Pair: Episode 36,11/6/2021
Inborn Pair: Episode 35,11/6/2021
Inborn Pair: Episode 34,11/6/2021
Inborn Pair: Episode 33,11/6/2021
Inborn Pair: Episode 32,11/6/2021
Inborn Pair: Episode 31,11/6/2021
Inborn Pair: Episode 30,11/5/2021
Inborn Pair: Episode 29,11/5/2021
Inborn Pair: Episode 28,11/5/2021
Inborn Pair: Episode 27,11/5/2021
Inborn Pair: Episode 26,11/5/2021
Inborn Pair: Episode 25,11/5/2021
Inborn Pair: Episode 24,11/5/2021
Inborn Pair: Episode 23,11/5/2021
Inborn Pair: Episode 22,11/3/2021
Inborn Pair: Episode 21,11/3/2021
Inborn Pair: Episode 20,11/3/2021
Inborn Pair: Episode 19,11/3/2021
Inborn Pair: Episode 18,10/31/2021
Inborn Pair: Episode 17,10/31/2021
Inborn Pair: Episode 16,10/31/2021
Inborn Pair: Episode 15,10/31/2021
Inborn Pair: Episode 14,10/31/2021
Inborn Pair: Episode 13,10/31/2021
Inborn Pair: Episode 12,10/31/2021
Inborn Pair: Episode 11,10/31/2021
Madam Secretary: Season 1: The Kill List,10/30/2021
Inborn Pair: Episode 10,10/30/2021
Inborn Pair: Episode 9,10/30/2021
Inborn Pair: Episode 8,10/30/2021
Inborn Pair: Episode 7,10/30/2021
Inborn Pair: Episode 6,10/30/2021
Inborn Pair: Episode 5,10/30/2021
Inborn Pair: Episode 4,10/30/2021
Inborn Pair: Episode 3,10/30/2021
Inborn Pair: Episode 2,10/30/2021
Madam Secretary: Season 1: The Necessary Art,10/29/2021
Madam Secretary: Season 1: Spartan Figures,10/29/2021
Madam Secretary: Season 1: The Time Is at Hand,10/29/2021
Quantico: Run,10/28/2021
Bodyguard: Episode 6,10/28/2021
Bodyguard: Episode 5,10/27/2021
Bodyguard: Episode 4,10/27/2021
Bodyguard: Episode 3,10/27/2021
Bodyguard: Episode 2,10/27/2021
Bodyguard: Episode 1,10/26/2021
Madam Secretary: Season 1: Face the Nation,10/26/2021
Madam Secretary: Season 1: Tamerlane,10/26/2021
Madam Secretary: Season 1: The Ninth Circle,10/26/2021
Madam Secretary: Season 1: Whisper of the Ax,10/25/2021
Madam Secretary: Season 1: Chains of Command,10/25/2021
Madam Secretary: Season 1: Standoff,10/25/2021
Madam Secretary: Season 1: Game On,10/25/2021
Madam Secretary: Season 1: Collateral Damage,10/25/2021
Madam Secretary: Season 1: So It Goes,10/24/2021
One Spring Night: Episode 1,10/24/2021
Madam Secretary: Season 1: Need to Know,10/23/2021
Madam Secretary: Season 1: Passage,10/23/2021
Autumn's Concerto: Episode 4,10/23/2021
Autumn's Concerto: Episode 3,10/23/2021
Autumn's Concerto: Episode 2,10/23/2021
Autumn's Concerto: Episode 1,10/23/2021
Madam Secretary: Season 1: The Call,10/22/2021
Madam Secretary: Season 1: Blame Canada,10/22/2021
Madam Secretary: Season 1: Just Another Normal Day,10/22/2021
Madam Secretary: Season 1: The Operative,10/22/2021
Madam Secretary: Season 1: Another Benghazi,10/22/2021
"The Mind, Explained: Season 1: Memory",10/22/2021
Heaven's Garden: Episode 9,10/22/2021
Heaven's Garden: Episode 8,10/22/2021
Heaven's Garden: Episode 7,10/21/2021
Heaven's Garden: Episode 6,10/21/2021
Heaven's Garden: Episode 5,10/21/2021
Heaven's Garden: Episode 4,10/21/2021
Heaven's Garden: Episode 3,10/21/2021
Heaven's Garden: Episode 2,10/20/2021
Heaven's Garden: Episode 1,10/20/2021
Diamond Lover: Episode 4,10/18/2021
Diamond Lover: Episode 3,10/18/2021
Diamond Lover: Episode 2,10/18/2021
Diamond Lover: Episode 1,10/18/2021
A Thousand Goodnights: Episode 4,10/18/2021
A Thousand Goodnights: Episode 3,10/18/2021
A Thousand Goodnights: Episode 2,10/17/2021
A Thousand Goodnights: Episode 1,10/17/2021
Country Comfort: You're Nobody Till Somebody Loves You,10/16/2021
Country Comfort: Summer Lovin',10/16/2021
Country Comfort: Blue,10/16/2021
Country Comfort: My Girl,10/16/2021
"Country Comfort: Sign, Sign, Everywhere a Sign",10/16/2021
Country Comfort: Teardrops on My Guitar,10/16/2021
Country Comfort: Crazy,10/16/2021
Tuesdays & Fridays,10/16/2021
Red,10/16/2021
"That Winter, the Wind Blows: Episode 3",10/15/2021
"That Winter, the Wind Blows: Episode 2",10/15/2021
"That Winter, the Wind Blows: Episode 1",10/15/2021
Jeans,10/14/2021
Breaking Boundaries: The Science Of Our Planet,10/14/2021
Perú: Tesoro escondido,10/14/2021
Rise of Empires: Ottoman: The Conquest of Constantinople: The New Sultan,10/14/2021
Chocolate: Episode 1,10/13/2021
Pup Academy: Season 1: Oopsie!,10/13/2021
Pup Academy: Season 1: Tell Us About Your Human Day,10/13/2021
Pup Academy: Season 1: The Stray’s First Day,10/13/2021
MeatEater: Season 10 Part 1: Wyoming Pronghorn With Luke Combs,10/13/2021
Minimalism: A Documentary About the Important Things,10/13/2021
Bheeshma,10/13/2021
Crash Landing on You: Episode 1,10/13/2021
Mr. Sunshine: Episode 7,10/12/2021
Mr. Sunshine: Episode 6,10/11/2021
Mr. Sunshine: Episode 5,10/11/2021
Mr. Sunshine: Episode 4,10/11/2021
Khoobsurat,10/10/2021
Falling Inn Love,10/10/2021
Dil,10/10/2021
Something in the Rain: Episode 2,10/10/2021
Something in the Rain: Episode 1,10/10/2021
Mr. Sunshine: Episode 3,10/10/2021
Mr. Sunshine: Episode 2,10/10/2021
Mr. Sunshine: Episode 1,10/10/2021
Maid: Limited Series: Sea Glass,10/10/2021
Maid: Limited Series: Ponies,10/9/2021
Maid: Limited Series: Dollar Store,10/9/2021
The Princess Weiyoung: Episode 54,10/9/2021
The Princess Weiyoung: Episode 53,10/9/2021
The Princess Weiyoung: Episode 52,10/9/2021
The Princess Weiyoung: Episode 51,10/9/2021
The Princess Weiyoung: Episode 50,10/9/2021
The Princess Weiyoung: Episode 49,10/9/2021
The Princess Weiyoung: Episode 48,10/9/2021
The Princess Weiyoung: Episode 47,10/9/2021
The Princess Weiyoung: Episode 46,10/9/2021
The Princess Weiyoung: Episode 45,10/9/2021
The Princess Weiyoung: Episode 44,10/9/2021
The Princess Weiyoung: Episode 43,10/9/2021
Ee Nagaraniki Emaindi,10/8/2021
The Princess Weiyoung: Episode 42,10/7/2021
The Princess Weiyoung: Episode 41,10/7/2021
The Princess Weiyoung: Episode 40,10/7/2021
The Princess Weiyoung: Episode 39,10/7/2021
The Princess Weiyoung: Episode 38,10/6/2021
The Princess Weiyoung: Episode 37,10/6/2021
The Princess Weiyoung: Episode 36,10/6/2021
The Princess Weiyoung: Episode 35,10/6/2021
The Princess Weiyoung: Episode 34,10/6/2021
The Princess Weiyoung: Episode 33,10/6/2021
The Princess Weiyoung: Episode 32,10/5/2021
The Princess Weiyoung: Episode 31,10/5/2021
The Princess Weiyoung: Episode 30,10/4/2021
The Princess Weiyoung: Episode 29,10/4/2021
The Princess Weiyoung: Episode 28,10/4/2021
The Princess Weiyoung: Episode 27,10/4/2021
The Princess Weiyoung: Episode 26,10/4/2021
The Princess Weiyoung: Episode 25,10/4/2021
The Princess Weiyoung: Episode 24,10/4/2021
The Princess Weiyoung: Episode 23,10/4/2021
The Princess Weiyoung: Episode 22,10/3/2021
The Princess Weiyoung: Episode 21,10/2/2021
The Princess Weiyoung: Episode 20,10/2/2021
The Princess Weiyoung: Episode 19,10/2/2021
The Princess Weiyoung: Episode 18,10/2/2021
The Princess Weiyoung: Episode 17,10/2/2021
The Princess Weiyoung: Episode 16,10/2/2021
The Princess Weiyoung: Episode 15,10/2/2021
The Princess Weiyoung: Episode 14,10/2/2021
The Princess Weiyoung: Episode 13,10/2/2021
The Princess Weiyoung: Episode 12,10/2/2021
The Princess Weiyoung: Episode 11,9/30/2021
The Princess Weiyoung: Episode 10,9/30/2021
The Princess Weiyoung: Episode 9,9/29/2021
The Princess Weiyoung: Episode 8,9/29/2021
The Princess Weiyoung: Episode 7,9/28/2021
The Princess Weiyoung: Episode 6,9/28/2021
The Princess Weiyoung: Episode 5,9/27/2021
The Princess Weiyoung: Episode 4,9/27/2021
The Princess Weiyoung: Episode 3,9/27/2021
The Princess Weiyoung: Episode 2,9/27/2021
The Princess Weiyoung: Episode 1,9/26/2021
Afterlife of the Party,9/25/2021
Mimi,9/24/2021
Hometown Cha-Cha-Cha: Episode 8,9/20/2021
Hometown Cha-Cha-Cha: Episode 7,9/20/2021
Hometown Cha-Cha-Cha: Episode 6,9/20/2021
Hometown Cha-Cha-Cha: Episode 5,9/19/2021
Hometown Cha-Cha-Cha: Episode 4,9/19/2021
Hometown Cha-Cha-Cha: Episode 3,9/19/2021
Hometown Cha-Cha-Cha: Episode 2,9/19/2021
Hometown Cha-Cha-Cha: Episode 1,9/19/2021
Is Love Enough? Sir,9/18/2021
Here to Heart: Episode 17,8/6/2021
Here to Heart: Episode 16,8/6/2021
Here to Heart: Episode 15,8/5/2021
Here to Heart: Episode 14,8/5/2021
Here to Heart: Episode 13,8/5/2021
Here to Heart: Episode 12,8/5/2021
Here to Heart: Episode 11,8/4/2021
Here to Heart: Episode 10,8/4/2021
Here to Heart: Episode 9,8/4/2021
Here to Heart: Episode 8,8/4/2021
Here to Heart: Episode 7,8/4/2021
Here to Heart: Episode 6,8/3/2021
Here to Heart: Episode 5,8/3/2021
Here to Heart: Episode 4,8/2/2021
Here to Heart: Episode 3,8/2/2021
Here to Heart: Episode 2,8/2/2021
Here to Heart: Episode 1,8/2/2021
My Shy Boss: Episode 16,8/1/2021
My Shy Boss: Episode 15,8/1/2021
My Shy Boss: Episode 14,8/1/2021
My Shy Boss: Episode 13,8/1/2021
My Shy Boss: Episode 12,7/30/2021
My Shy Boss: Episode 11,7/30/2021
My Shy Boss: Episode 10,7/30/2021
My Shy Boss: Episode 9,7/30/2021
My Shy Boss: Episode 8,7/29/2021
My Shy Boss: Episode 7,7/29/2021
My Shy Boss: Episode 6,7/29/2021
My Shy Boss: Episode 5,7/29/2021
My Shy Boss: Episode 4,7/29/2021
My Shy Boss: Episode 3,7/28/2021
My Shy Boss: Episode 2,7/28/2021
My Shy Boss: Episode 1,7/28/2021
My Secret Romance: Episode 14,7/27/2021
My Secret Romance: Episode 13,7/27/2021
My Secret Romance: Episode 12,7/27/2021
My Secret Romance: Episode 11,7/27/2021
My Secret Romance: Episode 10,7/27/2021
My Secret Romance: Episode 9,7/26/2021
My Secret Romance: Episode 8,7/26/2021
My Secret Romance: Episode 7,7/25/2021
My Secret Romance: Episode 6,7/25/2021
My Secret Romance: Episode 5,7/24/2021
My Secret Romance: Episode 4,7/24/2021
My Secret Romance: Episode 3,7/24/2021
My Secret Romance: Episode 2,7/24/2021
My Secret Romance: Episode 1,7/24/2021
Do Do Sol Sol La La Sol: Do Do Sol Sol La La Sol,7/24/2021
Do Do Sol Sol La La Sol: Farewell,7/23/2021
Do Do Sol Sol La La Sol: A Furtive Tear,7/23/2021
Do Do Sol Sol La La Sol: Romance Without Words,7/22/2021
Do Do Sol Sol La La Sol: Wedding March,7/22/2021
Do Do Sol Sol La La Sol: Reunion,7/22/2021
Do Do Sol Sol La La Sol: Who Are You?,7/21/2021
Do Do Sol Sol La La Sol: The Night of Thunder,7/20/2021
Do Do Sol Sol La La Sol: Pleasure of Love,7/20/2021
Do Do Sol Sol La La Sol: You are so special,7/19/2021
Do Do Sol Sol La La Sol: Secrets and Lies,7/19/2021
Do Do Sol Sol La La Sol: Night and Dreams,7/18/2021
Do Do Sol Sol La La Sol: Lala Piano Land,7/16/2021
Do Do Sol Sol La La Sol: Da Capo,7/16/2021
Do Do Sol Sol La La Sol: Pianist Patient,7/15/2021
Do Do Sol Sol La La Sol: Do Do Sol Sol La La Sol,7/15/2021
Meteor Garden: Episode 35,7/15/2021
Meteor Garden: Episode 34,7/14/2021
Meteor Garden: Episode 33,7/13/2021
Meteor Garden: Episode 32,7/13/2021
Meteor Garden: Episode 31,7/13/2021
Meteor Garden: Episode 30,7/13/2021
Meteor Garden: Episode 29,7/12/2021
Meteor Garden: Episode 28,7/12/2021
Meteor Garden: Episode 27,7/12/2021
Meteor Garden: Episode 26,7/11/2021
Meteor Garden: Episode 25,7/11/2021
Meteor Garden: Episode 24,7/11/2021
Meteor Garden: Episode 23,7/11/2021
Meteor Garden: Episode 22,7/11/2021
Haseen Dillruba,7/11/2021
Meteor Garden: Episode 21,7/10/2021
Meteor Garden: Episode 20,7/10/2021
Meteor Garden: Episode 19,7/10/2021
Meteor Garden: Episode 18,7/10/2021
Meteor Garden: Episode 17,7/9/2021
Meteor Garden: Episode 16,7/9/2021
Meteor Garden: Episode 15,7/9/2021
Meteor Garden: Episode 14,7/8/2021
Meteor Garden: Episode 13,7/8/2021
Meteor Garden: Episode 12,7/8/2021
Meteor Garden: Episode 11,7/8/2021
Meteor Garden: Episode 10,7/7/2021
Meteor Garden: Episode 9,7/6/2021
Meteor Garden: Episode 8,7/6/2021
Meteor Garden: Episode 7,7/6/2021
Meteor Garden: Episode 6,7/6/2021
Meteor Garden: Episode 5,7/6/2021
Meteor Garden: Episode 4,7/4/2021
Meteor Garden: Episode 3,7/3/2021
Meteor Garden: Episode 2,7/3/2021
Meteor Garden: Episode 1,7/2/2021
A Love So Beautiful: Episode 1,7/2/2021
The Rational Life: Episode 35,7/2/2021
The Rational Life: Episode 34,7/1/2021
The Rational Life: Episode 33,7/1/2021
The Rational Life: Episode 32,7/1/2021
The Rational Life: Episode 31,7/1/2021
The Rational Life: Episode 30,7/1/2021
The Rational Life: Episode 29,7/1/2021
The Rational Life: Episode 28,6/30/2021
The Rational Life: Episode 27,6/30/2021
The Rational Life: Episode 26,6/30/2021
The Rational Life: Episode 25,6/29/2021
The Rational Life: Episode 24,6/29/2021
The Rational Life: Episode 23,6/29/2021
The Rational Life: Episode 22,6/29/2021
The Rational Life: Episode 21,6/29/2021
The Rational Life: Episode 20,6/29/2021
The Rational Life: Episode 19,6/29/2021
The Rational Life: Episode 18,6/29/2021
The Rational Life: Episode 17,6/29/2021
The Rational Life: Episode 16,6/29/2021
The Rational Life: Episode 15,6/28/2021
The Rational Life: Episode 14,6/28/2021
The Rational Life: Episode 13,6/27/2021
The Rational Life: Episode 12,6/27/2021
The Rational Life: Episode 11,6/27/2021
The Rational Life: Episode 10,6/27/2021
The Rational Life: Episode 9,6/27/2021
The Rational Life: Episode 8,6/27/2021
The Rational Life: Episode 7,6/26/2021
The Rational Life: Episode 6,6/26/2021
The Rational Life: Episode 5,6/26/2021
The Rational Life: Episode 4,6/25/2021
The Rational Life: Episode 3,6/25/2021
The Rational Life: Episode 2,6/24/2021
The Rational Life: Episode 1,6/24/2021
Nights in Rodanthe,6/24/2021
The Flash: Season 1: Going Rogue,6/23/2021
The Flash: Season 1: Things You Can't Outrun,6/23/2021
The Flash: Season 1: Fastest Man Alive,6/23/2021
The Flash: Season 1: Pilot,6/23/2021
Naruto: Season 2: Ebisu Returns: Naruto's Toughest Training Yet!,6/23/2021
Naruto: Season 2: A Shadow in Darkness: Danger Approaches Sasuke,6/23/2021
Naruto: Season 2: The Fifth Gate: A Splendid Ninja Is Born,6/23/2021
Naruto: Season 2: Lee's Hidden Strength: Forbidden Secret Jutsu!,6/23/2021
Naruto: Season 2: Gaara vs. Rock Lee: The Power of Youth Explodes!,6/23/2021
Naruto: Season 2: A Failure Stands Tall!,6/23/2021
"Crazy, Stupid, Love.",6/22/2021
Naruto: Season 2: Byakugan Battle: Hinata Grows Bold!,6/22/2021
Naruto: Season 2: Surprise Attack! Naruto's Secret Weapon!,6/22/2021
Naruto: Season 2: Akamaru Unleashed! Who's Top Dog Now?,6/22/2021
Naruto: Season 2: Killer Kunoichi and a Shaky Shikamaru,6/21/2021
Flipped,6/21/2021
Fatherhood,6/21/2021
Naruto: Season 2: The Ultimate Battle: Cha!,6/21/2021
Naruto: Season 2: Kunoichi Rumble: The Rivals Get Serious!,6/21/2021
Naruto: Season 2: Kakashi and Orochimaru: Face-to-Face!,6/21/2021
Naruto: Season 2: Bushy Brow's Jealousy: Lions Barrage Unleashed!,6/21/2021
Naruto: Season 2: Narrowing the Field: Sudden Death Elimination!,6/21/2021
Naruto: Season 2: Surviving the Cut! The Rookie Nine Together Again!,6/21/2021
Naruto: Season 2: Clone vs. Clone: Mine are Better than Yours!,6/20/2021
Naruto: Season 2: The Scroll's Secret: No Peeking Allowed,6/20/2021
Naruto: Season 2: Akamaru Trembles: Gaara's Cruel Strength!,6/20/2021
Supergirl: Season 1: Pilot,6/19/2021
